﻿riding_name_english,
Don Valley East,
Don Valley North,
Etobicoke Centre,
Etobicoke--Lakeshore,
Etobicoke North,
Humber River--Black Creek,
Scarborough--Agincourt,
Scarborough Centre,
Scarborough--Guildwood,
Scarborough North,
Scarborough--Rouge Park,
Scarborough Southwest,
Willowdale,
York Centre,
Beaches--East York,
Davenport,
Don Valley West,
Eglinton--Lawrence,
Parkdale--High Park,
Spadina--Fort York,
Toronto Centre,
Toronto--Danforth,
Toronto--St. Paul's,
University--Rosedale,
York South--Weston,
Ajax,
Aurora--Oak Ridges--Richmond Hill,
King--Vaughan,
Markham--Stouffville,
Markham--Thornhill,
Markham--Unionville,
Oshawa,
Pickering--Uxbridge,
Richmond Hill,
Thornhill,
Vaughan--Woodbridge,
Whitby,
Brampton Centre,
Brampton East,
Brampton North,
Brampton South,
Brampton West,
Mississauga Centre,
Mississauga East--Cooksville,
Mississauga--Erin Mills,
Mississauga--Lakeshore,
Mississauga--Malton,
Mississauga--Streetsville,
Oakville,
Oakville North--Burlington, 