﻿Electoral District Number/Numéro de circonscription,Electoral District Name_English/Nom de circonscription_Anglais,Electoral District Name_French/Nom de circonscription_Français,Polling Station Number/Numéro du bureau de scrutin,Polling Station Name/Nom du bureau de scrutin,Void Poll Indicator/Indicateur de bureau supprimé,No Poll Held Indicator/Indicateur de bureau sans scrutin,Merge With/Fusionné avec,Rejected Ballots for Polling Station/Bulletins rejetés du bureau,Electors for Polling Station/Électeurs du bureau,Candidate’s Family Name/Nom de famille du candidat,Candidate’s Middle Name/Second prénom du candidat,Candidate’s First Name/Prénom du candidat,Political Affiliation Name_English/Appartenance politique_Anglais,Political Affiliation Name_French/Appartenance politique_Français,Incumbent Indicator/Indicateur_Candidat sortant,Elected Candidate Indicator/Indicateur du candidat élu,Candidate Poll Votes Count/Votes du candidat pour le bureau
11004,"Malpeque","Malpeque"," 1","Cavendish",N,N,"",2,492,"Easter","","Wayne","Liberal","Libéral",Y,Y,90
11004,"Malpeque","Malpeque"," 1","Cavendish",N,N,"",2,492,"Keenan","","Anna","Green Party","Parti Vert",N,N,55
11004,"Malpeque","Malpeque"," 1","Cavendish",N,N,"",2,492,"Nash","","Craig","NDP-New Democratic Party","NPD-Nouveau Parti démocratique",N,N,17
11004,"Malpeque","Malpeque"," 1","Cavendish",N,N,"",2,492,"Stewart","","Stephen","Conservative","Conservateur",N,N,48
11004,"Malpeque","Malpeque"," 2","North Rustico",N,N,"",4,349,"Easter","","Wayne","Liberal","Libéral",Y,Y,68
11004,"Malpeque","Malpeque"," 2","North Rustico",N,N,"",4,349,"Keenan","","Anna","Green Party","Parti Vert",N,N,40
11004,"Malpeque","Malpeque"," 2","North Rustico",N,N,"",4,349,"Nash","","Craig","NDP-New Democratic Party","NPD-Nouveau Parti démocratique",N,N,11
11004,"Malpeque","Malpeque"," 2","North Rustico",N,N,"",4,349,"Stewart","","Stephen","Conservative","Conservateur",N,N,52
11004,"Malpeque","Malpeque"," 3","Brackley Beach",N,N,"",1,456,"Easter","","Wayne","Liberal","Libéral",Y,Y,88
11004,"Malpeque","Malpeque"," 3","Brackley Beach",N,N,"",1,456,"Keenan","","Anna","Green Party","Parti Vert",N,N,50
11004,"Malpeque","Malpeque"," 3","Brackley Beach",N,N,"",1,456,"Nash","","Craig","NDP-New Democratic Party","NPD-Nouveau Parti démocratique",N,N,16
11004,"Malpeque","Malpeque"," 3","Brackley Beach",N,N,"",1,456,"Stewart","","Stephen","Conservative","Conservateur",N,N,59
11004,"Malpeque","Malpeque"," 4","Brackley Point",N,N,"",1,511,"Easter","","Wayne","Liberal","Libéral",Y,Y,79
11004,"Malpeque","Malpeque"," 4","Brackley Point",N,N,"",1,511,"Keenan","","Anna","Green Party","Parti Vert",N,N,50
11004,"Malpeque","Malpeque"," 4","Brackley Point",N,N,"",1,511,"Nash","","Craig","NDP-New Democratic Party","NPD-Nouveau Parti démocratique",N,N,18
11004,"Malpeque","Malpeque"," 4","Brackley Point",N,N,"",1,511,"Stewart","","Stephen","Conservative","Conservateur",N,N,66
11004,"Malpeque","Malpeque"," 5","Covehead Road",N,N,"",0,349,"Easter","","Wayne","Liberal","Libéral",Y,Y,68
11004,"Malpeque","Malpeque"," 5","Covehead Road",N,N,"",0,349,"Keenan","","Anna","Green Party","Parti Vert",N,N,55
11004,"Malpeque","Malpeque"," 5","Covehead Road",N,N,"",0,349,"Nash","","Craig","NDP-New Democratic Party","NPD-Nouveau Parti démocratique",N,N,13
11004,"Malpeque","Malpeque"," 5","Covehead Road",N,N,"",0,349,"Stewart","","Stephen","Conservative","Conservateur",N,N,55
11004,"Malpeque","Malpeque"," 6","Stanhope Beach",N,N,"",3,388,"Easter","","Wayne","Liberal","Libéral",Y,Y,102
11004,"Malpeque","Malpeque"," 6","Stanhope Beach",N,N,"",3,388,"Keenan","","Anna","Green Party","Parti Vert",N,N,54
11004,"Malpeque","Malpeque"," 6","Stanhope Beach",N,N,"",3,388,"Nash","","Craig","NDP-New Democratic Party","NPD-Nouveau Parti démocratique",N,N,11
11004,"Malpeque","Malpeque"," 6","Stanhope Beach",N,N,"",3,388,"Stewart","","Stephen","Conservative","Conservateur",N,N,37
11004,"Malpeque","Malpeque"," 7","Covehead Road",N,N,"",2,446,"Easter","","Wayne","Liberal","Libéral",Y,Y,118
11004,"Malpeque","Malpeque"," 7","Covehead Road",N,N,"",2,446,"Keenan","","Anna","Green Party","Parti Vert",N,N,43
11004,"Malpeque","Malpeque"," 7","Covehead Road",N,N,"",2,446,"Nash","","Craig","NDP-New Democratic Party","NPD-Nouveau Parti démocratique",N,N,20
11004,"Malpeque","Malpeque"," 7","Covehead Road",N,N,"",2,446,"Stewart","","Stephen","Conservative","Conservateur",N,N,61
11004,"Malpeque","Malpeque"," 8","Harrington",N,N,"",5,387,"Easter","","Wayne","Liberal","Libéral",Y,Y,60
11004,"Malpeque","Malpeque"," 8","Harrington",N,N,"",5,387,"Keenan","","Anna","Green Party","Parti Vert",N,N,49
11004,"Malpeque","Malpeque"," 8","Harrington",N,N,"",5,387,"Nash","","Craig","NDP-New Democratic Party","NPD-Nouveau Parti démocratique",N,N,9
11004,"Malpeque","Malpeque"," 8","Harrington",N,N,"",5,387,"Stewart","","Stephen","Conservative","Conservateur",N,N,56
11004,"Malpeque","Malpeque"," 9","Irishtown",N,N,"",2,415,"Easter","","Wayne","Liberal","Libéral",Y,Y,80
11004,"Malpeque","Malpeque"," 9","Irishtown",N,N,"",2,415,"Keenan","","Anna","Green Party","Parti Vert",N,N,47
11004,"Malpeque","Malpeque"," 9","Irishtown",N,N,"",2,415,"Nash","","Craig","NDP-New Democratic Party","NPD-Nouveau Parti démocratique",N,N,12
11004,"Malpeque","Malpeque"," 9","Irishtown",N,N,"",2,415,"Stewart","","Stephen","Conservative","Conservateur",N,N,55
11004,"Malpeque","Malpeque"," 10","Stanley Bridge",N,N,"",1,346,"Easter","","Wayne","Liberal","Libéral",Y,Y,62
11004,"Malpeque","Malpeque"," 10","Stanley Bridge",N,N,"",1,346,"Keenan","","Anna","Green Party","Parti Vert",N,N,60
11004,"Malpeque","Malpeque"," 10","Stanley Bridge",N,N,"",1,346,"Nash","","Craig","NDP-New Democratic Party","NPD-Nouveau Parti démocratique",N,N,6
11004,"Malpeque","Malpeque"," 10","Stanley Bridge",N,N,"",1,346,"Stewart","","Stephen","Conservative","Conservateur",N,N,40
11004,"Malpeque","Malpeque"," 11","Stanley Bridge",N,N,"",1,187,"Easter","","Wayne","Liberal","Libéral",Y,Y,46
11004,"Malpeque","Malpeque"," 11","Stanley Bridge",N,N,"",1,187,"Keenan","","Anna","Green Party","Parti Vert",N,N,29
11004,"Malpeque","Malpeque"," 11","Stanley Bridge",N,N,"",1,187,"Nash","","Craig","NDP-New Democratic Party","NPD-Nouveau Parti démocratique",N,N,2
11004,"Malpeque","Malpeque"," 11","Stanley Bridge",N,N,"",1,187,"Stewart","","Stephen","Conservative","Conservateur",N,N,22
11004,"Malpeque","Malpeque"," 12","South Rustico",N,N,"",7,489,"Easter","","Wayne","Liberal","Libéral",Y,Y,102
11004,"Malpeque","Malpeque"," 12","South Rustico",N,N,"",7,489,"Keenan","","Anna","Green Party","Parti Vert",N,N,88
11004,"Malpeque","Malpeque"," 12","South Rustico",N,N,"",7,489,"Nash","","Craig","NDP-New Democratic Party","NPD-Nouveau Parti démocratique",N,N,14
11004,"Malpeque","Malpeque"," 12","South Rustico",N,N,"",7,489,"Stewart","","Stephen","Conservative","Conservateur",N,N,67
11004,"Malpeque","Malpeque"," 13","Wheatley River",N,N,"",3,387,"Easter","","Wayne","Liberal","Libéral",Y,Y,69
11004,"Malpeque","Malpeque"," 13","Wheatley River",N,N,"",3,387,"Keenan","","Anna","Green Party","Parti Vert",N,N,61
11004,"Malpeque","Malpeque"," 13","Wheatley River",N,N,"",3,387,"Nash","","Craig","NDP-New Democratic Party","NPD-Nouveau Parti démocratique",N,N,16
11004,"Malpeque","Malpeque"," 13","Wheatley River",N,N,"",3,387,"Stewart","","Stephen","Conservative","Conservateur",N,N,49
11004,"Malpeque","Malpeque"," 14","Baltic",N,N,"",3,428,"Easter","","Wayne","Liberal","Libéral",Y,Y,78
11004,"Malpeque","Malpeque"," 14","Baltic",N,N,"",3,428,"Keenan","","Anna","Green Party","Parti Vert",N,N,60
11004,"Malpeque","Malpeque"," 14","Baltic",N,N,"",3,428,"Nash","","Craig","NDP-New Democratic Party","NPD-Nouveau Parti démocratique",N,N,20
11004,"Malpeque","Malpeque"," 14","Baltic",N,N,"",3,428,"Stewart","","Stephen","Conservative","Conservateur",N,N,59
11004,"Malpeque","Malpeque"," 15","Suffolk",N,N,"",0,370,"Easter","","Wayne","Liberal","Libéral",Y,Y,88
11004,"Malpeque","Malpeque"," 15","Suffolk",N,N,"",0,370,"Keenan","","Anna","Green Party","Parti Vert",N,N,59
11004,"Malpeque","Malpeque"," 15","Suffolk",N,N,"",0,370,"Nash","","Craig","NDP-New Democratic Party","NPD-Nouveau Parti démocratique",N,N,13
11004,"Malpeque","Malpeque"," 15","Suffolk",N,N,"",0,370,"Stewart","","Stephen","Conservative","Conservateur",N,N,43
11004,"Malpeque","Malpeque"," 16","Marshfield",N,N,"",5,463,"Easter","","Wayne","Liberal","Libéral",Y,Y,104
11004,"Malpeque","Malpeque"," 16","Marshfield",N,N,"",5,463,"Keenan","","Anna","Green Party","Parti Vert",N,N,58
11004,"Malpeque","Malpeque"," 16","Marshfield",N,N,"",5,463,"Nash","","Craig","NDP-New Democratic Party","NPD-Nouveau Parti démocratique",N,N,18
11004,"Malpeque","Malpeque"," 16","Marshfield",N,N,"",5,463,"Stewart","","Stephen","Conservative","Conservateur",N,N,58
11004,"Malpeque","Malpeque"," 17","Union",N,N,"",1,325,"Easter","","Wayne","Liberal","Libéral",Y,Y,67
11004,"Malpeque","Malpeque"," 17","Union",N,N,"",1,325,"Keenan","","Anna","Green Party","Parti Vert",N,N,23
11004,"Malpeque","Malpeque"," 17","Union",N,N,"",1,325,"Nash","","Craig","NDP-New Democratic Party","NPD-Nouveau Parti démocratique",N,N,9
11004,"Malpeque","Malpeque"," 17","Union",N,N,"",1,325,"Stewart","","Stephen","Conservative","Conservateur",N,N,38
11004,"Malpeque","Malpeque"," 18","Oyster Bed Bridge",N,N,"",5,410,"Easter","","Wayne","Liberal","Libéral",Y,Y,94
11004,"Malpeque","Malpeque"," 18","Oyster Bed Bridge",N,N,"",5,410,"Keenan","","Anna","Green Party","Parti Vert",N,N,32
11004,"Malpeque","Malpeque"," 18","Oyster Bed Bridge",N,N,"",5,410,"Nash","","Craig","NDP-New Democratic Party","NPD-Nouveau Parti démocratique",N,N,21
11004,"Malpeque","Malpeque"," 18","Oyster Bed Bridge",N,N,"",5,410,"Stewart","","Stephen","Conservative","Conservateur",N,N,74
11004,"Malpeque","Malpeque"," 19","Founds Mills",N,N,"",6,429,"Easter","","Wayne","Liberal","Libéral",Y,Y,104
11004,"Malpeque","Malpeque"," 19","Founds Mills",N,N,"",6,429,"Keenan","","Anna","Green Party","Parti Vert",N,N,52
11004,"Malpeque","Malpeque"," 19","Founds Mills",N,N,"",6,429,"Nash","","Craig","NDP-New Democratic Party","NPD-Nouveau Parti démocratique",N,N,11
11004,"Malpeque","Malpeque"," 19","Founds Mills",N,N,"",6,429,"Stewart","","Stephen","Conservative","Conservateur",N,N,58
11004,"Malpeque","Malpeque"," 20","North Winsloe",N,N,"",2,425,"Easter","","Wayne","Liberal","Libéral",Y,Y,80
11004,"Malpeque","Malpeque"," 20","North Winsloe",N,N,"",2,425,"Keenan","","Anna","Green Party","Parti Vert",N,N,27
11004,"Malpeque","Malpeque"," 20","North Winsloe",N,N,"",2,425,"Nash","","Craig","NDP-New Democratic Party","NPD-Nouveau Parti démocratique",N,N,12
11004,"Malpeque","Malpeque"," 20","North Winsloe",N,N,"",2,425,"Stewart","","Stephen","Conservative","Conservateur",N,N,62
11004,"Malpeque","Malpeque"," 21","Royalty Junction",N,N,"",3,318,"Easter","","Wayne","Liberal","Libéral",Y,Y,84
11004,"Malpeque","Malpeque"," 21","Royalty Junction",N,N,"",3,318,"Keenan","","Anna","Green Party","Parti Vert",N,N,34
11004,"Malpeque","Malpeque"," 21","Royalty Junction",N,N,"",3,318,"Nash","","Craig","NDP-New Democratic Party","NPD-Nouveau Parti démocratique",N,N,6
11004,"Malpeque","Malpeque"," 21","Royalty Junction",N,N,"",3,318,"Stewart","","Stephen","Conservative","Conservateur",N,N,21
11004,"Malpeque","Malpeque"," 22","Indian River",N,N,"",1,379,"Easter","","Wayne","Liberal","Libéral",Y,Y,55
11004,"Malpeque","Malpeque"," 22","Indian River",N,N,"",1,379,"Keenan","","Anna","Green Party","Parti Vert",N,N,62
11004,"Malpeque","Malpeque"," 22","Indian River",N,N,"",1,379,"Nash","","Craig","NDP-New Democratic Party","NPD-Nouveau Parti démocratique",N,N,4
11004,"Malpeque","Malpeque"," 22","Indian River",N,N,"",1,379,"Stewart","","Stephen","Conservative","Conservateur",N,N,50
11004,"Malpeque","Malpeque"," 23","Clinton ",N,N,"",2,274,"Easter","","Wayne","Liberal","Libéral",Y,Y,50
11004,"Malpeque","Malpeque"," 23","Clinton ",N,N,"",2,274,"Keenan","","Anna","Green Party","Parti Vert",N,N,45
11004,"Malpeque","Malpeque"," 23","Clinton ",N,N,"",2,274,"Nash","","Craig","NDP-New Democratic Party","NPD-Nouveau Parti démocratique",N,N,6
11004,"Malpeque","Malpeque"," 23","Clinton ",N,N,"",2,274,"Stewart","","Stephen","Conservative","Conservateur",N,N,27
11004,"Malpeque","Malpeque"," 24","St. Anns",N,N,"",3,399,"Easter","","Wayne","Liberal","Libéral",Y,Y,67
11004,"Malpeque","Malpeque"," 24","St. Anns",N,N,"",3,399,"Keenan","","Anna","Green Party","Parti Vert",N,N,55
11004,"Malpeque","Malpeque"," 24","St. Anns",N,N,"",3,399,"Nash","","Craig","NDP-New Democratic Party","NPD-Nouveau Parti démocratique",N,N,11
11004,"Malpeque","Malpeque"," 24","St. Anns",N,N,"",3,399,"Stewart","","Stephen","Conservative","Conservateur",N,N,32
11004,"Malpeque","Malpeque"," 25","Hunter River",N,N,"",4,452,"Easter","","Wayne","Liberal","Libéral",Y,Y,106
11004,"Malpeque","Malpeque"," 25","Hunter River",N,N,"",4,452,"Keenan","","Anna","Green Party","Parti Vert",N,N,85
11004,"Malpeque","Malpeque"," 25","Hunter River",N,N,"",4,452,"Nash","","Craig","NDP-New Democratic Party","NPD-Nouveau Parti démocratique",N,N,10
11004,"Malpeque","Malpeque"," 25","Hunter River",N,N,"",4,452,"Stewart","","Stephen","Conservative","Conservateur",N,N,75
11004,"Malpeque","Malpeque"," 26","Fredericton",N,N,"",3,364,"Easter","","Wayne","Liberal","Libéral",Y,Y,76
11004,"Malpeque","Malpeque"," 26","Fredericton",N,N,"",3,364,"Keenan","","Anna","Green Party","Parti Vert",N,N,51
11004,"Malpeque","Malpeque"," 26","Fredericton",N,N,"",3,364,"Nash","","Craig","NDP-New Democratic Party","NPD-Nouveau Parti démocratique",N,N,12
11004,"Malpeque","Malpeque"," 26","Fredericton",N,N,"",3,364,"Stewart","","Stephen","Conservative","Conservateur",N,N,43
11004,"Malpeque","Malpeque"," 27","Winsloe",N,N,"",3,262,"Easter","","Wayne","Liberal","Libéral",Y,Y,46
11004,"Malpeque","Malpeque"," 27","Winsloe",N,N,"",3,262,"Keenan","","Anna","Green Party","Parti Vert",N,N,32
11004,"Malpeque","Malpeque"," 27","Winsloe",N,N,"",3,262,"Nash","","Craig","NDP-New Democratic Party","NPD-Nouveau Parti démocratique",N,N,8
11004,"Malpeque","Malpeque"," 27","Winsloe",N,N,"",3,262,"Stewart","","Stephen","Conservative","Conservateur",N,N,42
11004,"Malpeque","Malpeque"," 28","Springvale",N,N,"",4,403,"Easter","","Wayne","Liberal","Libéral",Y,Y,78
11004,"Malpeque","Malpeque"," 28","Springvale",N,N,"",4,403,"Keenan","","Anna","Green Party","Parti Vert",N,N,59
11004,"Malpeque","Malpeque"," 28","Springvale",N,N,"",4,403,"Nash","","Craig","NDP-New Democratic Party","NPD-Nouveau Parti démocratique",N,N,9
11004,"Malpeque","Malpeque"," 28","Springvale",N,N,"",4,403,"Stewart","","Stephen","Conservative","Conservateur",N,N,64
11004,"Malpeque","Malpeque"," 29","Southwest River",N,N,"",0,355,"Easter","","Wayne","Liberal","Libéral",Y,Y,48
11004,"Malpeque","Malpeque"," 29","Southwest River",N,N,"",0,355,"Keenan","","Anna","Green Party","Parti Vert",N,N,57
11004,"Malpeque","Malpeque"," 29","Southwest River",N,N,"",0,355,"Nash","","Craig","NDP-New Democratic Party","NPD-Nouveau Parti démocratique",N,N,13
11004,"Malpeque","Malpeque"," 29","Southwest River",N,N,"",0,355,"Stewart","","Stephen","Conservative","Conservateur",N,N,43
11004,"Malpeque","Malpeque"," 30","Clermont",N,N,"",0,414,"Easter","","Wayne","Liberal","Libéral",Y,Y,47
11004,"Malpeque","Malpeque"," 30","Clermont",N,N,"",0,414,"Keenan","","Anna","Green Party","Parti Vert",N,N,55
11004,"Malpeque","Malpeque"," 30","Clermont",N,N,"",0,414,"Nash","","Craig","NDP-New Democratic Party","NPD-Nouveau Parti démocratique",N,N,15
11004,"Malpeque","Malpeque"," 30","Clermont",N,N,"",0,414,"Stewart","","Stephen","Conservative","Conservateur",N,N,46
11004,"Malpeque","Malpeque"," 31","Kelvin Grove North",N,N,"",3,477,"Easter","","Wayne","Liberal","Libéral",Y,Y,72
11004,"Malpeque","Malpeque"," 31","Kelvin Grove North",N,N,"",3,477,"Keenan","","Anna","Green Party","Parti Vert",N,N,75
11004,"Malpeque","Malpeque"," 31","Kelvin Grove North",N,N,"",3,477,"Nash","","Craig","NDP-New Democratic Party","NPD-Nouveau Parti démocratique",N,N,8
11004,"Malpeque","Malpeque"," 31","Kelvin Grove North",N,N,"",3,477,"Stewart","","Stephen","Conservative","Conservateur",N,N,47
11004,"Malpeque","Malpeque"," 32","Kensington",N,N,"",0,390,"Easter","","Wayne","Liberal","Libéral",Y,Y,46
11004,"Malpeque","Malpeque"," 32","Kensington",N,N,"",0,390,"Keenan","","Anna","Green Party","Parti Vert",N,N,32
11004,"Malpeque","Malpeque"," 32","Kensington",N,N,"",0,390,"Nash","","Craig","NDP-New Democratic Party","NPD-Nouveau Parti démocratique",N,N,19
11004,"Malpeque","Malpeque"," 32","Kensington",N,N,"",0,390,"Stewart","","Stephen","Conservative","Conservateur",N,N,39
11004,"Malpeque","Malpeque"," 33","Kensington",N,N,"",2,475,"Easter","","Wayne","Liberal","Libéral",Y,Y,65
11004,"Malpeque","Malpeque"," 33","Kensington",N,N,"",2,475,"Keenan","","Anna","Green Party","Parti Vert",N,N,62
11004,"Malpeque","Malpeque"," 33","Kensington",N,N,"",2,475,"Nash","","Craig","NDP-New Democratic Party","NPD-Nouveau Parti démocratique",N,N,9
11004,"Malpeque","Malpeque"," 33","Kensington",N,N,"",2,475,"Stewart","","Stephen","Conservative","Conservateur",N,N,40
11004,"Malpeque","Malpeque"," 34","Travellers Rest",N,N,"",1,283,"Easter","","Wayne","Liberal","Libéral",Y,Y,54
11004,"Malpeque","Malpeque"," 34","Travellers Rest",N,N,"",1,283,"Keenan","","Anna","Green Party","Parti Vert",N,N,34
11004,"Malpeque","Malpeque"," 34","Travellers Rest",N,N,"",1,283,"Nash","","Craig","NDP-New Democratic Party","NPD-Nouveau Parti démocratique",N,N,5
11004,"Malpeque","Malpeque"," 34","Travellers Rest",N,N,"",1,283,"Stewart","","Stephen","Conservative","Conservateur",N,N,27
11004,"Malpeque","Malpeque"," 35","New Annan",N,N,"",5,397,"Easter","","Wayne","Liberal","Libéral",Y,Y,75
11004,"Malpeque","Malpeque"," 35","New Annan",N,N,"",5,397,"Keenan","","Anna","Green Party","Parti Vert",N,N,66
11004,"Malpeque","Malpeque"," 35","New Annan",N,N,"",5,397,"Nash","","Craig","NDP-New Democratic Party","NPD-Nouveau Parti démocratique",N,N,19
11004,"Malpeque","Malpeque"," 35","New Annan",N,N,"",5,397,"Stewart","","Stephen","Conservative","Conservateur",N,N,28
11004,"Malpeque","Malpeque"," 36","Travellers Rest",N,N,"",0,217,"Easter","","Wayne","Liberal","Libéral",Y,Y,41
11004,"Malpeque","Malpeque"," 36","Travellers Rest",N,N,"",0,217,"Keenan","","Anna","Green Party","Parti Vert",N,N,35
11004,"Malpeque","Malpeque"," 36","Travellers Rest",N,N,"",0,217,"Nash","","Craig","NDP-New Democratic Party","NPD-Nouveau Parti démocratique",N,N,7
11004,"Malpeque","Malpeque"," 36","Travellers Rest",N,N,"",0,217,"Stewart","","Stephen","Conservative","Conservateur",N,N,19
11004,"Malpeque","Malpeque"," 37","Milton Station",N,N,"",6,357,"Easter","","Wayne","Liberal","Libéral",Y,Y,67
11004,"Malpeque","Malpeque"," 37","Milton Station",N,N,"",6,357,"Keenan","","Anna","Green Party","Parti Vert",N,N,46
11004,"Malpeque","Malpeque"," 37","Milton Station",N,N,"",6,357,"Nash","","Craig","NDP-New Democratic Party","NPD-Nouveau Parti démocratique",N,N,10
11004,"Malpeque","Malpeque"," 37","Milton Station",N,N,"",6,357,"Stewart","","Stephen","Conservative","Conservateur",N,N,63
11004,"Malpeque","Malpeque"," 38A","Darlington",N,N,"",2,404,"Easter","","Wayne","Liberal","Libéral",Y,Y,75
11004,"Malpeque","Malpeque"," 38A","Darlington",N,N,"",2,404,"Keenan","","Anna","Green Party","Parti Vert",N,N,40
11004,"Malpeque","Malpeque"," 38A","Darlington",N,N,"",2,404,"Nash","","Craig","NDP-New Democratic Party","NPD-Nouveau Parti démocratique",N,N,9
11004,"Malpeque","Malpeque"," 38A","Darlington",N,N,"",2,404,"Stewart","","Stephen","Conservative","Conservateur",N,N,49
11004,"Malpeque","Malpeque"," 38B","Mobile poll/Bureau itinérant",N,N,"501",0,22,"Easter","","Wayne","Liberal","Libéral",Y,Y,0
11004,"Malpeque","Malpeque"," 38B","Mobile poll/Bureau itinérant",N,N,"501",0,22,"Keenan","","Anna","Green Party","Parti Vert",N,N,0
11004,"Malpeque","Malpeque"," 38B","Mobile poll/Bureau itinérant",N,N,"501",0,22,"Nash","","Craig","NDP-New Democratic Party","NPD-Nouveau Parti démocratique",N,N,0
11004,"Malpeque","Malpeque"," 38B","Mobile poll/Bureau itinérant",N,N,"501",0,22,"Stewart","","Stephen","Conservative","Conservateur",N,N,0
11004,"Malpeque","Malpeque"," 39","Warren Grove",N,N,"",1,322,"Easter","","Wayne","Liberal","Libéral",Y,Y,56
11004,"Malpeque","Malpeque"," 39","Warren Grove",N,N,"",1,322,"Keenan","","Anna","Green Party","Parti Vert",N,N,61
11004,"Malpeque","Malpeque"," 39","Warren Grove",N,N,"",1,322,"Nash","","Craig","NDP-New Democratic Party","NPD-Nouveau Parti démocratique",N,N,15
11004,"Malpeque","Malpeque"," 39","Warren Grove",N,N,"",1,322,"Stewart","","Stephen","Conservative","Conservateur",N,N,34
11004,"Malpeque","Malpeque"," 40","Hampshire",N,N,"",3,338,"Easter","","Wayne","Liberal","Libéral",Y,Y,56
11004,"Malpeque","Malpeque"," 40","Hampshire",N,N,"",3,338,"Keenan","","Anna","Green Party","Parti Vert",N,N,51
11004,"Malpeque","Malpeque"," 40","Hampshire",N,N,"",3,338,"Nash","","Craig","NDP-New Democratic Party","NPD-Nouveau Parti démocratique",N,N,13
11004,"Malpeque","Malpeque"," 40","Hampshire",N,N,"",3,338,"Stewart","","Stephen","Conservative","Conservateur",N,N,54
11004,"Malpeque","Malpeque"," 41","Breadalbane",N,N,"",0,480,"Easter","","Wayne","Liberal","Libéral",Y,Y,96
11004,"Malpeque","Malpeque"," 41","Breadalbane",N,N,"",0,480,"Keenan","","Anna","Green Party","Parti Vert",N,N,70
11004,"Malpeque","Malpeque"," 41","Breadalbane",N,N,"",0,480,"Nash","","Craig","NDP-New Democratic Party","NPD-Nouveau Parti démocratique",N,N,10
11004,"Malpeque","Malpeque"," 41","Breadalbane",N,N,"",0,480,"Stewart","","Stephen","Conservative","Conservateur",N,N,66
11004,"Malpeque","Malpeque"," 42","Chateau Estates",N,N,"",2,413,"Easter","","Wayne","Liberal","Libéral",Y,Y,64
11004,"Malpeque","Malpeque"," 42","Chateau Estates",N,N,"",2,413,"Keenan","","Anna","Green Party","Parti Vert",N,N,50
11004,"Malpeque","Malpeque"," 42","Chateau Estates",N,N,"",2,413,"Nash","","Craig","NDP-New Democratic Party","NPD-Nouveau Parti démocratique",N,N,15
11004,"Malpeque","Malpeque"," 42","Chateau Estates",N,N,"",2,413,"Stewart","","Stephen","Conservative","Conservateur",N,N,35
11004,"Malpeque","Malpeque"," 43","Candlelight Park",N,N,"",0,385,"Easter","","Wayne","Liberal","Libéral",Y,Y,67
11004,"Malpeque","Malpeque"," 43","Candlelight Park",N,N,"",0,385,"Keenan","","Anna","Green Party","Parti Vert",N,N,60
11004,"Malpeque","Malpeque"," 43","Candlelight Park",N,N,"",0,385,"Nash","","Craig","NDP-New Democratic Party","NPD-Nouveau Parti démocratique",N,N,20
11004,"Malpeque","Malpeque"," 43","Candlelight Park",N,N,"",0,385,"Stewart","","Stephen","Conservative","Conservateur",N,N,44
11004,"Malpeque","Malpeque"," 44","East Wiltshire",N,N,"",2,320,"Easter","","Wayne","Liberal","Libéral",Y,Y,55
11004,"Malpeque","Malpeque"," 44","East Wiltshire",N,N,"",2,320,"Keenan","","Anna","Green Party","Parti Vert",N,N,32
11004,"Malpeque","Malpeque"," 44","East Wiltshire",N,N,"",2,320,"Nash","","Craig","NDP-New Democratic Party","NPD-Nouveau Parti démocratique",N,N,5
11004,"Malpeque","Malpeque"," 44","East Wiltshire",N,N,"",2,320,"Stewart","","Stephen","Conservative","Conservateur",N,N,28
11004,"Malpeque","Malpeque"," 45","Cornwall",N,N,"",4,489,"Easter","","Wayne","Liberal","Libéral",Y,Y,105
11004,"Malpeque","Malpeque"," 45","Cornwall",N,N,"",4,489,"Keenan","","Anna","Green Party","Parti Vert",N,N,66
11004,"Malpeque","Malpeque"," 45","Cornwall",N,N,"",4,489,"Nash","","Craig","NDP-New Democratic Party","NPD-Nouveau Parti démocratique",N,N,23
11004,"Malpeque","Malpeque"," 45","Cornwall",N,N,"",4,489,"Stewart","","Stephen","Conservative","Conservateur",N,N,39
11004,"Malpeque","Malpeque"," 46","Elliot Park",N,N,"",0,610,"Easter","","Wayne","Liberal","Libéral",Y,Y,114
11004,"Malpeque","Malpeque"," 46","Elliot Park",N,N,"",0,610,"Keenan","","Anna","Green Party","Parti Vert",N,N,95
11004,"Malpeque","Malpeque"," 46","Elliot Park",N,N,"",0,610,"Nash","","Craig","NDP-New Democratic Party","NPD-Nouveau Parti démocratique",N,N,37
11004,"Malpeque","Malpeque"," 46","Elliot Park",N,N,"",0,610,"Stewart","","Stephen","Conservative","Conservateur",N,N,40
11004,"Malpeque","Malpeque"," 47","York Point",N,N,"",0,327,"Easter","","Wayne","Liberal","Libéral",Y,Y,77
11004,"Malpeque","Malpeque"," 47","York Point",N,N,"",0,327,"Keenan","","Anna","Green Party","Parti Vert",N,N,37
11004,"Malpeque","Malpeque"," 47","York Point",N,N,"",0,327,"Nash","","Craig","NDP-New Democratic Party","NPD-Nouveau Parti démocratique",N,N,8
11004,"Malpeque","Malpeque"," 47","York Point",N,N,"",0,327,"Stewart","","Stephen","Conservative","Conservateur",N,N,50
11004,"Malpeque","Malpeque"," 48","Cornwall",N,N,"",4,451,"Easter","","Wayne","Liberal","Libéral",Y,Y,66
11004,"Malpeque","Malpeque"," 48","Cornwall",N,N,"",4,451,"Keenan","","Anna","Green Party","Parti Vert",N,N,53
11004,"Malpeque","Malpeque"," 48","Cornwall",N,N,"",4,451,"Nash","","Craig","NDP-New Democratic Party","NPD-Nouveau Parti démocratique",N,N,11
11004,"Malpeque","Malpeque"," 48","Cornwall",N,N,"",4,451,"Stewart","","Stephen","Conservative","Conservateur",N,N,46
11004,"Malpeque","Malpeque"," 49","Elliot Park",N,N,"",3,482,"Easter","","Wayne","Liberal","Libéral",Y,Y,72
11004,"Malpeque","Malpeque"," 49","Elliot Park",N,N,"",3,482,"Keenan","","Anna","Green Party","Parti Vert",N,N,67
11004,"Malpeque","Malpeque"," 49","Elliot Park",N,N,"",3,482,"Nash","","Craig","NDP-New Democratic Party","NPD-Nouveau Parti démocratique",N,N,15
11004,"Malpeque","Malpeque"," 49","Elliot Park",N,N,"",3,482,"Stewart","","Stephen","Conservative","Conservateur",N,N,54
11004,"Malpeque","Malpeque"," 50","Primrose Point",N,N,"",1,568,"Easter","","Wayne","Liberal","Libéral",Y,Y,112
11004,"Malpeque","Malpeque"," 50","Primrose Point",N,N,"",1,568,"Keenan","","Anna","Green Party","Parti Vert",N,N,71
11004,"Malpeque","Malpeque"," 50","Primrose Point",N,N,"",1,568,"Nash","","Craig","NDP-New Democratic Party","NPD-Nouveau Parti démocratique",N,N,21
11004,"Malpeque","Malpeque"," 50","Primrose Point",N,N,"",1,568,"Stewart","","Stephen","Conservative","Conservateur",N,N,50
11004,"Malpeque","Malpeque"," 51","Cornwall",N,N,"",0,317,"Easter","","Wayne","Liberal","Libéral",Y,Y,65
11004,"Malpeque","Malpeque"," 51","Cornwall",N,N,"",0,317,"Keenan","","Anna","Green Party","Parti Vert",N,N,43
11004,"Malpeque","Malpeque"," 51","Cornwall",N,N,"",0,317,"Nash","","Craig","NDP-New Democratic Party","NPD-Nouveau Parti démocratique",N,N,6
11004,"Malpeque","Malpeque"," 51","Cornwall",N,N,"",0,317,"Stewart","","Stephen","Conservative","Conservateur",N,N,28
11004,"Malpeque","Malpeque"," 52","South Freetown",N,N,"",1,293,"Easter","","Wayne","Liberal","Libéral",Y,Y,57
11004,"Malpeque","Malpeque"," 52","South Freetown",N,N,"",1,293,"Keenan","","Anna","Green Party","Parti Vert",N,N,42
11004,"Malpeque","Malpeque"," 52","South Freetown",N,N,"",1,293,"Nash","","Craig","NDP-New Democratic Party","NPD-Nouveau Parti démocratique",N,N,7
11004,"Malpeque","Malpeque"," 52","South Freetown",N,N,"",1,293,"Stewart","","Stephen","Conservative","Conservateur",N,N,31
11004,"Malpeque","Malpeque"," 53","South Freetown",N,N,"",1,288,"Easter","","Wayne","Liberal","Libéral",Y,Y,59
11004,"Malpeque","Malpeque"," 53","South Freetown",N,N,"",1,288,"Keenan","","Anna","Green Party","Parti Vert",N,N,41
11004,"Malpeque","Malpeque"," 53","South Freetown",N,N,"",1,288,"Nash","","Craig","NDP-New Democratic Party","NPD-Nouveau Parti démocratique",N,N,7
11004,"Malpeque","Malpeque"," 53","South Freetown",N,N,"",1,288,"Stewart","","Stephen","Conservative","Conservateur",N,N,25
11004,"Malpeque","Malpeque"," 54","Emyvale",N,N,"",1,527,"Easter","","Wayne","Liberal","Libéral",Y,Y,119
11004,"Malpeque","Malpeque"," 54","Emyvale",N,N,"",1,527,"Keenan","","Anna","Green Party","Parti Vert",N,N,83
11004,"Malpeque","Malpeque"," 54","Emyvale",N,N,"",1,527,"Nash","","Craig","NDP-New Democratic Party","NPD-Nouveau Parti démocratique",N,N,18
11004,"Malpeque","Malpeque"," 54","Emyvale",N,N,"",1,527,"Stewart","","Stephen","Conservative","Conservateur",N,N,51
11004,"Malpeque","Malpeque"," 55","Green Bay",N,N,"",5,228,"Easter","","Wayne","Liberal","Libéral",Y,Y,51
11004,"Malpeque","Malpeque"," 55","Green Bay",N,N,"",5,228,"Keenan","","Anna","Green Party","Parti Vert",N,N,28
11004,"Malpeque","Malpeque"," 55","Green Bay",N,N,"",5,228,"Nash","","Craig","NDP-New Democratic Party","NPD-Nouveau Parti démocratique",N,N,9
11004,"Malpeque","Malpeque"," 55","Green Bay",N,N,"",5,228,"Stewart","","Stephen","Conservative","Conservateur",N,N,24
11004,"Malpeque","Malpeque"," 56","Green Bay",N,N,"",2,312,"Easter","","Wayne","Liberal","Libéral",Y,Y,60
11004,"Malpeque","Malpeque"," 56","Green Bay",N,N,"",2,312,"Keenan","","Anna","Green Party","Parti Vert",N,N,56
11004,"Malpeque","Malpeque"," 56","Green Bay",N,N,"",2,312,"Nash","","Craig","NDP-New Democratic Party","NPD-Nouveau Parti démocratique",N,N,14
11004,"Malpeque","Malpeque"," 56","Green Bay",N,N,"",2,312,"Stewart","","Stephen","Conservative","Conservateur",N,N,40
11004,"Malpeque","Malpeque"," 57","Mill Valley",N,N,"",1,273,"Easter","","Wayne","Liberal","Libéral",Y,Y,55
11004,"Malpeque","Malpeque"," 57","Mill Valley",N,N,"",1,273,"Keenan","","Anna","Green Party","Parti Vert",N,N,30
11004,"Malpeque","Malpeque"," 57","Mill Valley",N,N,"",1,273,"Nash","","Craig","NDP-New Democratic Party","NPD-Nouveau Parti démocratique",N,N,15
11004,"Malpeque","Malpeque"," 57","Mill Valley",N,N,"",1,273,"Stewart","","Stephen","Conservative","Conservateur",N,N,52
11004,"Malpeque","Malpeque"," 58","North Bedeque",N,N,"",2,463,"Easter","","Wayne","Liberal","Libéral",Y,Y,114
11004,"Malpeque","Malpeque"," 58","North Bedeque",N,N,"",2,463,"Keenan","","Anna","Green Party","Parti Vert",N,N,52
11004,"Malpeque","Malpeque"," 58","North Bedeque",N,N,"",2,463,"Nash","","Craig","NDP-New Democratic Party","NPD-Nouveau Parti démocratique",N,N,12
11004,"Malpeque","Malpeque"," 58","North Bedeque",N,N,"",2,463,"Stewart","","Stephen","Conservative","Conservateur",N,N,62
11004,"Malpeque","Malpeque"," 59","Kingston",N,N,"",8,400,"Easter","","Wayne","Liberal","Libéral",Y,Y,62
11004,"Malpeque","Malpeque"," 59","Kingston",N,N,"",8,400,"Keenan","","Anna","Green Party","Parti Vert",N,N,41
11004,"Malpeque","Malpeque"," 59","Kingston",N,N,"",8,400,"Nash","","Craig","NDP-New Democratic Party","NPD-Nouveau Parti démocratique",N,N,12
11004,"Malpeque","Malpeque"," 59","Kingston",N,N,"",8,400,"Stewart","","Stephen","Conservative","Conservateur",N,N,49
11004,"Malpeque","Malpeque"," 60","Stathgartney",N,N,"",2,458,"Easter","","Wayne","Liberal","Libéral",Y,Y,103
11004,"Malpeque","Malpeque"," 60","Stathgartney",N,N,"",2,458,"Keenan","","Anna","Green Party","Parti Vert",N,N,62
11004,"Malpeque","Malpeque"," 60","Stathgartney",N,N,"",2,458,"Nash","","Craig","NDP-New Democratic Party","NPD-Nouveau Parti démocratique",N,N,24
11004,"Malpeque","Malpeque"," 60","Stathgartney",N,N,"",2,458,"Stewart","","Stephen","Conservative","Conservateur",N,N,70
11004,"Malpeque","Malpeque"," 61","Hyde Point",N,N,"",4,421,"Easter","","Wayne","Liberal","Libéral",Y,Y,86
11004,"Malpeque","Malpeque"," 61","Hyde Point",N,N,"",4,421,"Keenan","","Anna","Green Party","Parti Vert",N,N,44
11004,"Malpeque","Malpeque"," 61","Hyde Point",N,N,"",4,421,"Nash","","Craig","NDP-New Democratic Party","NPD-Nouveau Parti démocratique",N,N,14
11004,"Malpeque","Malpeque"," 61","Hyde Point",N,N,"",4,421,"Stewart","","Stephen","Conservative","Conservateur",N,N,60
11004,"Malpeque","Malpeque"," 62","Maplewood",N,N,"",4,439,"Easter","","Wayne","Liberal","Libéral",Y,Y,86
11004,"Malpeque","Malpeque"," 62","Maplewood",N,N,"",4,439,"Keenan","","Anna","Green Party","Parti Vert",N,N,87
11004,"Malpeque","Malpeque"," 62","Maplewood",N,N,"",4,439,"Nash","","Craig","NDP-New Democratic Party","NPD-Nouveau Parti démocratique",N,N,15
11004,"Malpeque","Malpeque"," 62","Maplewood",N,N,"",4,439,"Stewart","","Stephen","Conservative","Conservateur",N,N,55
11004,"Malpeque","Malpeque"," 63","Victoria",N,N,"",5,419,"Easter","","Wayne","Liberal","Libéral",Y,Y,113
11004,"Malpeque","Malpeque"," 63","Victoria",N,N,"",5,419,"Keenan","","Anna","Green Party","Parti Vert",N,N,89
11004,"Malpeque","Malpeque"," 63","Victoria",N,N,"",5,419,"Nash","","Craig","NDP-New Democratic Party","NPD-Nouveau Parti démocratique",N,N,14
11004,"Malpeque","Malpeque"," 63","Victoria",N,N,"",5,419,"Stewart","","Stephen","Conservative","Conservateur",N,N,55
11004,"Malpeque","Malpeque"," 64","Kinkora",N,N,"",0,263,"Easter","","Wayne","Liberal","Libéral",Y,Y,64
11004,"Malpeque","Malpeque"," 64","Kinkora",N,N,"",0,263,"Keenan","","Anna","Green Party","Parti Vert",N,N,38
11004,"Malpeque","Malpeque"," 64","Kinkora",N,N,"",0,263,"Nash","","Craig","NDP-New Democratic Party","NPD-Nouveau Parti démocratique",N,N,8
11004,"Malpeque","Malpeque"," 64","Kinkora",N,N,"",0,263,"Stewart","","Stephen","Conservative","Conservateur",N,N,26
11004,"Malpeque","Malpeque"," 65","Maple Plains",N,N,"",0,417,"Easter","","Wayne","Liberal","Libéral",Y,Y,79
11004,"Malpeque","Malpeque"," 65","Maple Plains",N,N,"",0,417,"Keenan","","Anna","Green Party","Parti Vert",N,N,40
11004,"Malpeque","Malpeque"," 65","Maple Plains",N,N,"",0,417,"Nash","","Craig","NDP-New Democratic Party","NPD-Nouveau Parti démocratique",N,N,13
11004,"Malpeque","Malpeque"," 65","Maple Plains",N,N,"",0,417,"Stewart","","Stephen","Conservative","Conservateur",N,N,47
11004,"Malpeque","Malpeque"," 66","South Melville",N,N,"",6,443,"Easter","","Wayne","Liberal","Libéral",Y,Y,77
11004,"Malpeque","Malpeque"," 66","South Melville",N,N,"",6,443,"Keenan","","Anna","Green Party","Parti Vert",N,N,79
11004,"Malpeque","Malpeque"," 66","South Melville",N,N,"",6,443,"Nash","","Craig","NDP-New Democratic Party","NPD-Nouveau Parti démocratique",N,N,18
11004,"Malpeque","Malpeque"," 66","South Melville",N,N,"",6,443,"Stewart","","Stephen","Conservative","Conservateur",N,N,50
11004,"Malpeque","Malpeque"," 67","Central Bedeque",N,N,"",2,345,"Easter","","Wayne","Liberal","Libéral",Y,Y,65
11004,"Malpeque","Malpeque"," 67","Central Bedeque",N,N,"",2,345,"Keenan","","Anna","Green Party","Parti Vert",N,N,33
11004,"Malpeque","Malpeque"," 67","Central Bedeque",N,N,"",2,345,"Nash","","Craig","NDP-New Democratic Party","NPD-Nouveau Parti démocratique",N,N,14
11004,"Malpeque","Malpeque"," 67","Central Bedeque",N,N,"",2,345,"Stewart","","Stephen","Conservative","Conservateur",N,N,56
11004,"Malpeque","Malpeque"," 68","Lower Bedeque",N,N,"",5,479,"Easter","","Wayne","Liberal","Libéral",Y,Y,106
11004,"Malpeque","Malpeque"," 68","Lower Bedeque",N,N,"",5,479,"Keenan","","Anna","Green Party","Parti Vert",N,N,77
11004,"Malpeque","Malpeque"," 68","Lower Bedeque",N,N,"",5,479,"Nash","","Craig","NDP-New Democratic Party","NPD-Nouveau Parti démocratique",N,N,19
11004,"Malpeque","Malpeque"," 68","Lower Bedeque",N,N,"",5,479,"Stewart","","Stephen","Conservative","Conservateur",N,N,63
11004,"Malpeque","Malpeque"," 69","Rocky Point",N,N,"",1,332,"Easter","","Wayne","Liberal","Libéral",Y,Y,47
11004,"Malpeque","Malpeque"," 69","Rocky Point",N,N,"",1,332,"Keenan","","Anna","Green Party","Parti Vert",N,N,52
11004,"Malpeque","Malpeque"," 69","Rocky Point",N,N,"",1,332,"Nash","","Craig","NDP-New Democratic Party","NPD-Nouveau Parti démocratique",N,N,10
11004,"Malpeque","Malpeque"," 69","Rocky Point",N,N,"",1,332,"Stewart","","Stephen","Conservative","Conservateur",N,N,40
11004,"Malpeque","Malpeque"," 70","Rocky Point",N,N,"",0,281,"Easter","","Wayne","Liberal","Libéral",Y,Y,62
11004,"Malpeque","Malpeque"," 70","Rocky Point",N,N,"",0,281,"Keenan","","Anna","Green Party","Parti Vert",N,N,56
11004,"Malpeque","Malpeque"," 70","Rocky Point",N,N,"",0,281,"Nash","","Craig","NDP-New Democratic Party","NPD-Nouveau Parti démocratique",N,N,8
11004,"Malpeque","Malpeque"," 70","Rocky Point",N,N,"",0,281,"Stewart","","Stephen","Conservative","Conservateur",N,N,41
11004,"Malpeque","Malpeque"," 71","New Dominion",N,N,"",0,524,"Easter","","Wayne","Liberal","Libéral",Y,Y,94
11004,"Malpeque","Malpeque"," 71","New Dominion",N,N,"",0,524,"Keenan","","Anna","Green Party","Parti Vert",N,N,82
11004,"Malpeque","Malpeque"," 71","New Dominion",N,N,"",0,524,"Nash","","Craig","NDP-New Democratic Party","NPD-Nouveau Parti démocratique",N,N,23
11004,"Malpeque","Malpeque"," 71","New Dominion",N,N,"",0,524,"Stewart","","Stephen","Conservative","Conservateur",N,N,58
11004,"Malpeque","Malpeque"," 72","Rice Point",N,N,"",1,534,"Easter","","Wayne","Liberal","Libéral",Y,Y,145
11004,"Malpeque","Malpeque"," 72","Rice Point",N,N,"",1,534,"Keenan","","Anna","Green Party","Parti Vert",N,N,85
11004,"Malpeque","Malpeque"," 72","Rice Point",N,N,"",1,534,"Nash","","Craig","NDP-New Democratic Party","NPD-Nouveau Parti démocratique",N,N,15
11004,"Malpeque","Malpeque"," 72","Rice Point",N,N,"",1,534,"Stewart","","Stephen","Conservative","Conservateur",N,N,55
11004,"Malpeque","Malpeque"," 73","Cape Traverse",N,N,"",3,368,"Easter","","Wayne","Liberal","Libéral",Y,Y,78
11004,"Malpeque","Malpeque"," 73","Cape Traverse",N,N,"",3,368,"Keenan","","Anna","Green Party","Parti Vert",N,N,50
11004,"Malpeque","Malpeque"," 73","Cape Traverse",N,N,"",3,368,"Nash","","Craig","NDP-New Democratic Party","NPD-Nouveau Parti démocratique",N,N,16
11004,"Malpeque","Malpeque"," 73","Cape Traverse",N,N,"",3,368,"Stewart","","Stephen","Conservative","Conservateur",N,N,65
11004,"Malpeque","Malpeque"," 74","North Carleton",N,N,"",3,418,"Easter","","Wayne","Liberal","Libéral",Y,Y,95
11004,"Malpeque","Malpeque"," 74","North Carleton",N,N,"",3,418,"Keenan","","Anna","Green Party","Parti Vert",N,N,51
11004,"Malpeque","Malpeque"," 74","North Carleton",N,N,"",3,418,"Nash","","Craig","NDP-New Democratic Party","NPD-Nouveau Parti démocratique",N,N,17
11004,"Malpeque","Malpeque"," 74","North Carleton",N,N,"",3,418,"Stewart","","Stephen","Conservative","Conservateur",N,N,58
11004,"Malpeque","Malpeque"," 75","Borden-Carleton",N,N,"",6,326,"Easter","","Wayne","Liberal","Libéral",Y,Y,65
11004,"Malpeque","Malpeque"," 75","Borden-Carleton",N,N,"",6,326,"Keenan","","Anna","Green Party","Parti Vert",N,N,42
11004,"Malpeque","Malpeque"," 75","Borden-Carleton",N,N,"",6,326,"Nash","","Craig","NDP-New Democratic Party","NPD-Nouveau Parti démocratique",N,N,22
11004,"Malpeque","Malpeque"," 75","Borden-Carleton",N,N,"",6,326,"Stewart","","Stephen","Conservative","Conservateur",N,N,60
11004,"Malpeque","Malpeque"," 76","Argyle Shore",N,N,"",7,503,"Easter","","Wayne","Liberal","Libéral",Y,Y,102
11004,"Malpeque","Malpeque"," 76","Argyle Shore",N,N,"",7,503,"Keenan","","Anna","Green Party","Parti Vert",N,N,67
11004,"Malpeque","Malpeque"," 76","Argyle Shore",N,N,"",7,503,"Nash","","Craig","NDP-New Democratic Party","NPD-Nouveau Parti démocratique",N,N,25
11004,"Malpeque","Malpeque"," 76","Argyle Shore",N,N,"",7,503,"Stewart","","Stephen","Conservative","Conservateur",N,N,71
11004,"Malpeque","Malpeque"," 77","Tryon",N,N,"",4,409,"Easter","","Wayne","Liberal","Libéral",Y,Y,83
11004,"Malpeque","Malpeque"," 77","Tryon",N,N,"",4,409,"Keenan","","Anna","Green Party","Parti Vert",N,N,53
11004,"Malpeque","Malpeque"," 77","Tryon",N,N,"",4,409,"Nash","","Craig","NDP-New Democratic Party","NPD-Nouveau Parti démocratique",N,N,20
11004,"Malpeque","Malpeque"," 77","Tryon",N,N,"",4,409,"Stewart","","Stephen","Conservative","Conservateur",N,N,59
11004,"Malpeque","Malpeque"," 500","Mobile poll/Bureau itinérant",N,N,"",1,75,"Easter","","Wayne","Liberal","Libéral",Y,Y,29
11004,"Malpeque","Malpeque"," 500","Mobile poll/Bureau itinérant",N,N,"",1,75,"Keenan","","Anna","Green Party","Parti Vert",N,N,7
11004,"Malpeque","Malpeque"," 500","Mobile poll/Bureau itinérant",N,N,"",1,75,"Nash","","Craig","NDP-New Democratic Party","NPD-Nouveau Parti démocratique",N,N,1
11004,"Malpeque","Malpeque"," 500","Mobile poll/Bureau itinérant",N,N,"",1,75,"Stewart","","Stephen","Conservative","Conservateur",N,N,19
11004,"Malpeque","Malpeque"," 501","Mobile poll/Bureau itinérant",N,N,"",2,87,"Easter","","Wayne","Liberal","Libéral",Y,Y,37
11004,"Malpeque","Malpeque"," 501","Mobile poll/Bureau itinérant",N,N,"",2,87,"Keenan","","Anna","Green Party","Parti Vert",N,N,18
11004,"Malpeque","Malpeque"," 501","Mobile poll/Bureau itinérant",N,N,"",2,87,"Nash","","Craig","NDP-New Democratic Party","NPD-Nouveau Parti démocratique",N,N,9
11004,"Malpeque","Malpeque"," 501","Mobile poll/Bureau itinérant",N,N,"",2,87,"Stewart","","Stephen","Conservative","Conservateur",N,N,19
11004,"Malpeque","Malpeque"," 600","Kensington West",N,N,"",7,0,"Easter","","Wayne","Liberal","Libéral",Y,Y,323
11004,"Malpeque","Malpeque"," 600","Kensington West",N,N,"",7,0,"Keenan","","Anna","Green Party","Parti Vert",N,N,174
11004,"Malpeque","Malpeque"," 600","Kensington West",N,N,"",7,0,"Nash","","Craig","NDP-New Democratic Party","NPD-Nouveau Parti démocratique",N,N,36
11004,"Malpeque","Malpeque"," 600","Kensington West",N,N,"",7,0,"Stewart","","Stephen","Conservative","Conservateur",N,N,194
11004,"Malpeque","Malpeque"," 601","Kensington East",N,N,"",8,0,"Easter","","Wayne","Liberal","Libéral",Y,Y,360
11004,"Malpeque","Malpeque"," 601","Kensington East",N,N,"",8,0,"Keenan","","Anna","Green Party","Parti Vert",N,N,169
11004,"Malpeque","Malpeque"," 601","Kensington East",N,N,"",8,0,"Nash","","Craig","NDP-New Democratic Party","NPD-Nouveau Parti démocratique",N,N,43
11004,"Malpeque","Malpeque"," 601","Kensington East",N,N,"",8,0,"Stewart","","Stephen","Conservative","Conservateur",N,N,233
11004,"Malpeque","Malpeque"," 602","North Rustico",N,N,"",10,0,"Easter","","Wayne","Liberal","Libéral",Y,Y,315
11004,"Malpeque","Malpeque"," 602","North Rustico",N,N,"",10,0,"Keenan","","Anna","Green Party","Parti Vert",N,N,229
11004,"Malpeque","Malpeque"," 602","North Rustico",N,N,"",10,0,"Nash","","Craig","NDP-New Democratic Party","NPD-Nouveau Parti démocratique",N,N,38
11004,"Malpeque","Malpeque"," 602","North Rustico",N,N,"",10,0,"Stewart","","Stephen","Conservative","Conservateur",N,N,219
11004,"Malpeque","Malpeque"," 603","Brackley Beach",N,N,"",1,0,"Easter","","Wayne","Liberal","Libéral",Y,Y,249
11004,"Malpeque","Malpeque"," 603","Brackley Beach",N,N,"",1,0,"Keenan","","Anna","Green Party","Parti Vert",N,N,114
11004,"Malpeque","Malpeque"," 603","Brackley Beach",N,N,"",1,0,"Nash","","Craig","NDP-New Democratic Party","NPD-Nouveau Parti démocratique",N,N,31
11004,"Malpeque","Malpeque"," 603","Brackley Beach",N,N,"",1,0,"Stewart","","Stephen","Conservative","Conservateur",N,N,119
11004,"Malpeque","Malpeque"," 604","Brackley",N,N,"",16,0,"Easter","","Wayne","Liberal","Libéral",Y,Y,340
11004,"Malpeque","Malpeque"," 604","Brackley",N,N,"",16,0,"Keenan","","Anna","Green Party","Parti Vert",N,N,161
11004,"Malpeque","Malpeque"," 604","Brackley",N,N,"",16,0,"Nash","","Craig","NDP-New Democratic Party","NPD-Nouveau Parti démocratique",N,N,57
11004,"Malpeque","Malpeque"," 604","Brackley",N,N,"",16,0,"Stewart","","Stephen","Conservative","Conservateur",N,N,203
11004,"Malpeque","Malpeque"," 605","Cornwall East",N,N,"",6,0,"Easter","","Wayne","Liberal","Libéral",Y,Y,388
11004,"Malpeque","Malpeque"," 605","Cornwall East",N,N,"",6,0,"Keenan","","Anna","Green Party","Parti Vert",N,N,175
11004,"Malpeque","Malpeque"," 605","Cornwall East",N,N,"",6,0,"Nash","","Craig","NDP-New Democratic Party","NPD-Nouveau Parti démocratique",N,N,34
11004,"Malpeque","Malpeque"," 605","Cornwall East",N,N,"",6,0,"Stewart","","Stephen","Conservative","Conservateur",N,N,229
11004,"Malpeque","Malpeque"," 606","Hunter River",N,N,"",4,0,"Easter","","Wayne","Liberal","Libéral",Y,Y,259
11004,"Malpeque","Malpeque"," 606","Hunter River",N,N,"",4,0,"Keenan","","Anna","Green Party","Parti Vert",N,N,139
11004,"Malpeque","Malpeque"," 606","Hunter River",N,N,"",4,0,"Nash","","Craig","NDP-New Democratic Party","NPD-Nouveau Parti démocratique",N,N,40
11004,"Malpeque","Malpeque"," 606","Hunter River",N,N,"",4,0,"Stewart","","Stephen","Conservative","Conservateur",N,N,159
11004,"Malpeque","Malpeque"," 607","Cornwall West",N,N,"",14,0,"Easter","","Wayne","Liberal","Libéral",Y,Y,463
11004,"Malpeque","Malpeque"," 607","Cornwall West",N,N,"",14,0,"Keenan","","Anna","Green Party","Parti Vert",N,N,210
11004,"Malpeque","Malpeque"," 607","Cornwall West",N,N,"",14,0,"Nash","","Craig","NDP-New Democratic Party","NPD-Nouveau Parti démocratique",N,N,48
11004,"Malpeque","Malpeque"," 607","Cornwall West",N,N,"",14,0,"Stewart","","Stephen","Conservative","Conservateur",N,N,210
11004,"Malpeque","Malpeque"," 608","New Haven",N,N,"",5,0,"Easter","","Wayne","Liberal","Libéral",Y,Y,302
11004,"Malpeque","Malpeque"," 608","New Haven",N,N,"",5,0,"Keenan","","Anna","Green Party","Parti Vert",N,N,233
11004,"Malpeque","Malpeque"," 608","New Haven",N,N,"",5,0,"Nash","","Craig","NDP-New Democratic Party","NPD-Nouveau Parti démocratique",N,N,29
11004,"Malpeque","Malpeque"," 608","New Haven",N,N,"",5,0,"Stewart","","Stephen","Conservative","Conservateur",N,N,210
11004,"Malpeque","Malpeque"," 609","Kinkora",N,N,"",8,0,"Easter","","Wayne","Liberal","Libéral",Y,Y,250
11004,"Malpeque","Malpeque"," 609","Kinkora",N,N,"",8,0,"Keenan","","Anna","Green Party","Parti Vert",N,N,133
11004,"Malpeque","Malpeque"," 609","Kinkora",N,N,"",8,0,"Nash","","Craig","NDP-New Democratic Party","NPD-Nouveau Parti démocratique",N,N,46
11004,"Malpeque","Malpeque"," 609","Kinkora",N,N,"",8,0,"Stewart","","Stephen","Conservative","Conservateur",N,N,175
11004,"Malpeque","Malpeque"," S/R 1","SVR Group 1/RÉS Groupe 1",N,N,"",2,55,"Easter","","Wayne","Liberal","Libéral",Y,Y,25
11004,"Malpeque","Malpeque"," S/R 1","SVR Group 1/RÉS Groupe 1",N,N,"",2,55,"Keenan","","Anna","Green Party","Parti Vert",N,N,23
11004,"Malpeque","Malpeque"," S/R 1","SVR Group 1/RÉS Groupe 1",N,N,"",2,55,"Nash","","Craig","NDP-New Democratic Party","NPD-Nouveau Parti démocratique",N,N,4
11004,"Malpeque","Malpeque"," S/R 1","SVR Group 1/RÉS Groupe 1",N,N,"",2,55,"Stewart","","Stephen","Conservative","Conservateur",N,N,17
11004,"Malpeque","Malpeque"," S/R 2","SVR Group 2/RÉS Groupe 2",N,N,"",14,0,"Easter","","Wayne","Liberal","Libéral",Y,Y,262
11004,"Malpeque","Malpeque"," S/R 2","SVR Group 2/RÉS Groupe 2",N,N,"",14,0,"Keenan","","Anna","Green Party","Parti Vert",N,N,185
11004,"Malpeque","Malpeque"," S/R 2","SVR Group 2/RÉS Groupe 2",N,N,"",14,0,"Nash","","Craig","NDP-New Democratic Party","NPD-Nouveau Parti démocratique",N,N,42
11004,"Malpeque","Malpeque"," S/R 2","SVR Group 2/RÉS Groupe 2",N,N,"",14,0,"Stewart","","Stephen","Conservative","Conservateur",N,N,197
