﻿Electoral District Number/Numéro de circonscription,Electoral District Name_English/Nom de circonscription_Anglais,Electoral District Name_French/Nom de circonscription_Français,Polling Station Number/Numéro du bureau de scrutin,Polling Station Name/Nom du bureau de scrutin,Void Poll Indicator/Indicateur de bureau supprimé,No Poll Held Indicator/Indicateur de bureau sans scrutin,Merge With/Fusionné avec,Rejected Ballots for Polling Station/Bulletins rejetés du bureau,Electors for Polling Station/Électeurs du bureau,Candidate’s Family Name/Nom de famille du candidat,Candidate’s Middle Name/Second prénom du candidat,Candidate’s First Name/Prénom du candidat,Political Affiliation Name_English/Appartenance politique_Anglais,Political Affiliation Name_French/Appartenance politique_Français,Incumbent Indicator/Indicateur_Candidat sortant,Elected Candidate Indicator/Indicateur du candidat élu,Candidate Poll Votes Count/Votes du candidat pour le bureau
11001,"Cardigan","Cardigan"," 1","North Lake",N,N,"",0,298,"Beaton","","Glen","Green Party","Parti Vert",N,N,13
11001,"Cardigan","Cardigan"," 1","North Lake",N,N,"",0,298,"MacAulay","","Lawrence","Liberal","Libéral",Y,Y,98
11001,"Cardigan","Cardigan"," 1","North Lake",N,N,"",0,298,"Phelan","","Wayne","Conservative","Conservateur",N,N,48
11001,"Cardigan","Cardigan"," 1","North Lake",N,N,"",0,298,"Squires","","Christene","Christian Heritage Party","Parti de l'Héritage Chrétien",N,N,3
11001,"Cardigan","Cardigan"," 1","North Lake",N,N,"",0,298,"Thiele","","Lynne","NDP-New Democratic Party","NPD-Nouveau Parti démocratique",N,N,6
11001,"Cardigan","Cardigan"," 2","Red Point",N,N,"",4,325,"Beaton","","Glen","Green Party","Parti Vert",N,N,24
11001,"Cardigan","Cardigan"," 2","Red Point",N,N,"",4,325,"MacAulay","","Lawrence","Liberal","Libéral",Y,Y,95
11001,"Cardigan","Cardigan"," 2","Red Point",N,N,"",4,325,"Phelan","","Wayne","Conservative","Conservateur",N,N,50
11001,"Cardigan","Cardigan"," 2","Red Point",N,N,"",4,325,"Squires","","Christene","Christian Heritage Party","Parti de l'Héritage Chrétien",N,N,3
11001,"Cardigan","Cardigan"," 2","Red Point",N,N,"",4,325,"Thiele","","Lynne","NDP-New Democratic Party","NPD-Nouveau Parti démocratique",N,N,8
11001,"Cardigan","Cardigan"," 3","New Zealand",N,N,"",0,308,"Beaton","","Glen","Green Party","Parti Vert",N,N,11
11001,"Cardigan","Cardigan"," 3","New Zealand",N,N,"",0,308,"MacAulay","","Lawrence","Liberal","Libéral",Y,Y,77
11001,"Cardigan","Cardigan"," 3","New Zealand",N,N,"",0,308,"Phelan","","Wayne","Conservative","Conservateur",N,N,46
11001,"Cardigan","Cardigan"," 3","New Zealand",N,N,"",0,308,"Squires","","Christene","Christian Heritage Party","Parti de l'Héritage Chrétien",N,N,1
11001,"Cardigan","Cardigan"," 3","New Zealand",N,N,"",0,308,"Thiele","","Lynne","NDP-New Democratic Party","NPD-Nouveau Parti démocratique",N,N,11
11001,"Cardigan","Cardigan"," 4","St. Charles",N,N,"",4,341,"Beaton","","Glen","Green Party","Parti Vert",N,N,29
11001,"Cardigan","Cardigan"," 4","St. Charles",N,N,"",4,341,"MacAulay","","Lawrence","Liberal","Libéral",Y,Y,88
11001,"Cardigan","Cardigan"," 4","St. Charles",N,N,"",4,341,"Phelan","","Wayne","Conservative","Conservateur",N,N,37
11001,"Cardigan","Cardigan"," 4","St. Charles",N,N,"",4,341,"Squires","","Christene","Christian Heritage Party","Parti de l'Héritage Chrétien",N,N,2
11001,"Cardigan","Cardigan"," 4","St. Charles",N,N,"",4,341,"Thiele","","Lynne","NDP-New Democratic Party","NPD-Nouveau Parti démocratique",N,N,8
11001,"Cardigan","Cardigan"," 5A","Chepstow",N,N,"",5,368,"Beaton","","Glen","Green Party","Parti Vert",N,N,14
11001,"Cardigan","Cardigan"," 5A","Chepstow",N,N,"",5,368,"MacAulay","","Lawrence","Liberal","Libéral",Y,Y,78
11001,"Cardigan","Cardigan"," 5A","Chepstow",N,N,"",5,368,"Phelan","","Wayne","Conservative","Conservateur",N,N,44
11001,"Cardigan","Cardigan"," 5A","Chepstow",N,N,"",5,368,"Squires","","Christene","Christian Heritage Party","Parti de l'Héritage Chrétien",N,N,2
11001,"Cardigan","Cardigan"," 5A","Chepstow",N,N,"",5,368,"Thiele","","Lynne","NDP-New Democratic Party","NPD-Nouveau Parti démocratique",N,N,12
11001,"Cardigan","Cardigan"," 5B","Mobile poll/Bureau itinérant",N,N,"500",0,15,"Beaton","","Glen","Green Party","Parti Vert",N,N,0
11001,"Cardigan","Cardigan"," 5B","Mobile poll/Bureau itinérant",N,N,"500",0,15,"MacAulay","","Lawrence","Liberal","Libéral",Y,Y,0
11001,"Cardigan","Cardigan"," 5B","Mobile poll/Bureau itinérant",N,N,"500",0,15,"Phelan","","Wayne","Conservative","Conservateur",N,N,0
11001,"Cardigan","Cardigan"," 5B","Mobile poll/Bureau itinérant",N,N,"500",0,15,"Squires","","Christene","Christian Heritage Party","Parti de l'Héritage Chrétien",N,N,0
11001,"Cardigan","Cardigan"," 5B","Mobile poll/Bureau itinérant",N,N,"500",0,15,"Thiele","","Lynne","NDP-New Democratic Party","NPD-Nouveau Parti démocratique",N,N,0
11001,"Cardigan","Cardigan"," 6","Souris River",N,N,"",0,304,"Beaton","","Glen","Green Party","Parti Vert",N,N,18
11001,"Cardigan","Cardigan"," 6","Souris River",N,N,"",0,304,"MacAulay","","Lawrence","Liberal","Libéral",Y,Y,81
11001,"Cardigan","Cardigan"," 6","Souris River",N,N,"",0,304,"Phelan","","Wayne","Conservative","Conservateur",N,N,37
11001,"Cardigan","Cardigan"," 6","Souris River",N,N,"",0,304,"Squires","","Christene","Christian Heritage Party","Parti de l'Héritage Chrétien",N,N,1
11001,"Cardigan","Cardigan"," 6","Souris River",N,N,"",0,304,"Thiele","","Lynne","NDP-New Democratic Party","NPD-Nouveau Parti démocratique",N,N,6
11001,"Cardigan","Cardigan"," 7","Souris",N,N,"",3,273,"Beaton","","Glen","Green Party","Parti Vert",N,N,11
11001,"Cardigan","Cardigan"," 7","Souris",N,N,"",3,273,"MacAulay","","Lawrence","Liberal","Libéral",Y,Y,54
11001,"Cardigan","Cardigan"," 7","Souris",N,N,"",3,273,"Phelan","","Wayne","Conservative","Conservateur",N,N,17
11001,"Cardigan","Cardigan"," 7","Souris",N,N,"",3,273,"Squires","","Christene","Christian Heritage Party","Parti de l'Héritage Chrétien",N,N,0
11001,"Cardigan","Cardigan"," 7","Souris",N,N,"",3,273,"Thiele","","Lynne","NDP-New Democratic Party","NPD-Nouveau Parti démocratique",N,N,11
11001,"Cardigan","Cardigan"," 8","Souris East",N,N,"",2,320,"Beaton","","Glen","Green Party","Parti Vert",N,N,17
11001,"Cardigan","Cardigan"," 8","Souris East",N,N,"",2,320,"MacAulay","","Lawrence","Liberal","Libéral",Y,Y,68
11001,"Cardigan","Cardigan"," 8","Souris East",N,N,"",2,320,"Phelan","","Wayne","Conservative","Conservateur",N,N,34
11001,"Cardigan","Cardigan"," 8","Souris East",N,N,"",2,320,"Squires","","Christene","Christian Heritage Party","Parti de l'Héritage Chrétien",N,N,2
11001,"Cardigan","Cardigan"," 8","Souris East",N,N,"",2,320,"Thiele","","Lynne","NDP-New Democratic Party","NPD-Nouveau Parti démocratique",N,N,7
11001,"Cardigan","Cardigan"," 9","Souris West",N,N,"",3,330,"Beaton","","Glen","Green Party","Parti Vert",N,N,26
11001,"Cardigan","Cardigan"," 9","Souris West",N,N,"",3,330,"MacAulay","","Lawrence","Liberal","Libéral",Y,Y,97
11001,"Cardigan","Cardigan"," 9","Souris West",N,N,"",3,330,"Phelan","","Wayne","Conservative","Conservateur",N,N,35
11001,"Cardigan","Cardigan"," 9","Souris West",N,N,"",3,330,"Squires","","Christene","Christian Heritage Party","Parti de l'Héritage Chrétien",N,N,6
11001,"Cardigan","Cardigan"," 9","Souris West",N,N,"",3,330,"Thiele","","Lynne","NDP-New Democratic Party","NPD-Nouveau Parti démocratique",N,N,10
11001,"Cardigan","Cardigan"," 10","Cable Head",N,N,"",7,396,"Beaton","","Glen","Green Party","Parti Vert",N,N,23
11001,"Cardigan","Cardigan"," 10","Cable Head",N,N,"",7,396,"MacAulay","","Lawrence","Liberal","Libéral",Y,Y,138
11001,"Cardigan","Cardigan"," 10","Cable Head",N,N,"",7,396,"Phelan","","Wayne","Conservative","Conservateur",N,N,48
11001,"Cardigan","Cardigan"," 10","Cable Head",N,N,"",7,396,"Squires","","Christene","Christian Heritage Party","Parti de l'Héritage Chrétien",N,N,12
11001,"Cardigan","Cardigan"," 10","Cable Head",N,N,"",7,396,"Thiele","","Lynne","NDP-New Democratic Party","NPD-Nouveau Parti démocratique",N,N,10
11001,"Cardigan","Cardigan"," 11","Five Houses",N,N,"",0,369,"Beaton","","Glen","Green Party","Parti Vert",N,N,15
11001,"Cardigan","Cardigan"," 11","Five Houses",N,N,"",0,369,"MacAulay","","Lawrence","Liberal","Libéral",Y,Y,109
11001,"Cardigan","Cardigan"," 11","Five Houses",N,N,"",0,369,"Phelan","","Wayne","Conservative","Conservateur",N,N,55
11001,"Cardigan","Cardigan"," 11","Five Houses",N,N,"",0,369,"Squires","","Christene","Christian Heritage Party","Parti de l'Héritage Chrétien",N,N,4
11001,"Cardigan","Cardigan"," 11","Five Houses",N,N,"",0,369,"Thiele","","Lynne","NDP-New Democratic Party","NPD-Nouveau Parti démocratique",N,N,9
11001,"Cardigan","Cardigan"," 12","Milburn",N,N,"",1,338,"Beaton","","Glen","Green Party","Parti Vert",N,N,8
11001,"Cardigan","Cardigan"," 12","Milburn",N,N,"",1,338,"MacAulay","","Lawrence","Liberal","Libéral",Y,Y,71
11001,"Cardigan","Cardigan"," 12","Milburn",N,N,"",1,338,"Phelan","","Wayne","Conservative","Conservateur",N,N,72
11001,"Cardigan","Cardigan"," 12","Milburn",N,N,"",1,338,"Squires","","Christene","Christian Heritage Party","Parti de l'Héritage Chrétien",N,N,5
11001,"Cardigan","Cardigan"," 12","Milburn",N,N,"",1,338,"Thiele","","Lynne","NDP-New Democratic Party","NPD-Nouveau Parti démocratique",N,N,9
11001,"Cardigan","Cardigan"," 13","Fortune",N,N,"",2,344,"Beaton","","Glen","Green Party","Parti Vert",N,N,23
11001,"Cardigan","Cardigan"," 13","Fortune",N,N,"",2,344,"MacAulay","","Lawrence","Liberal","Libéral",Y,Y,95
11001,"Cardigan","Cardigan"," 13","Fortune",N,N,"",2,344,"Phelan","","Wayne","Conservative","Conservateur",N,N,61
11001,"Cardigan","Cardigan"," 13","Fortune",N,N,"",2,344,"Squires","","Christene","Christian Heritage Party","Parti de l'Héritage Chrétien",N,N,2
11001,"Cardigan","Cardigan"," 13","Fortune",N,N,"",2,344,"Thiele","","Lynne","NDP-New Democratic Party","NPD-Nouveau Parti démocratique",N,N,13
11001,"Cardigan","Cardigan"," 14","Morell",N,N,"",6,379,"Beaton","","Glen","Green Party","Parti Vert",N,N,29
11001,"Cardigan","Cardigan"," 14","Morell",N,N,"",6,379,"MacAulay","","Lawrence","Liberal","Libéral",Y,Y,91
11001,"Cardigan","Cardigan"," 14","Morell",N,N,"",6,379,"Phelan","","Wayne","Conservative","Conservateur",N,N,67
11001,"Cardigan","Cardigan"," 14","Morell",N,N,"",6,379,"Squires","","Christene","Christian Heritage Party","Parti de l'Héritage Chrétien",N,N,6
11001,"Cardigan","Cardigan"," 14","Morell",N,N,"",6,379,"Thiele","","Lynne","NDP-New Democratic Party","NPD-Nouveau Parti démocratique",N,N,11
11001,"Cardigan","Cardigan"," 15","Green Meadows",N,N,"",1,352,"Beaton","","Glen","Green Party","Parti Vert",N,N,15
11001,"Cardigan","Cardigan"," 15","Green Meadows",N,N,"",1,352,"MacAulay","","Lawrence","Liberal","Libéral",Y,Y,75
11001,"Cardigan","Cardigan"," 15","Green Meadows",N,N,"",1,352,"Phelan","","Wayne","Conservative","Conservateur",N,N,44
11001,"Cardigan","Cardigan"," 15","Green Meadows",N,N,"",1,352,"Squires","","Christene","Christian Heritage Party","Parti de l'Héritage Chrétien",N,N,4
11001,"Cardigan","Cardigan"," 15","Green Meadows",N,N,"",1,352,"Thiele","","Lynne","NDP-New Democratic Party","NPD-Nouveau Parti démocratique",N,N,18
11001,"Cardigan","Cardigan"," 16","Dundas",N,N,"",2,358,"Beaton","","Glen","Green Party","Parti Vert",N,N,17
11001,"Cardigan","Cardigan"," 16","Dundas",N,N,"",2,358,"MacAulay","","Lawrence","Liberal","Libéral",Y,Y,126
11001,"Cardigan","Cardigan"," 16","Dundas",N,N,"",2,358,"Phelan","","Wayne","Conservative","Conservateur",N,N,44
11001,"Cardigan","Cardigan"," 16","Dundas",N,N,"",2,358,"Squires","","Christene","Christian Heritage Party","Parti de l'Héritage Chrétien",N,N,0
11001,"Cardigan","Cardigan"," 16","Dundas",N,N,"",2,358,"Thiele","","Lynne","NDP-New Democratic Party","NPD-Nouveau Parti démocratique",N,N,7
11001,"Cardigan","Cardigan"," 17","Savage Harbour",N,N,"",4,444,"Beaton","","Glen","Green Party","Parti Vert",N,N,31
11001,"Cardigan","Cardigan"," 17","Savage Harbour",N,N,"",4,444,"MacAulay","","Lawrence","Liberal","Libéral",Y,Y,105
11001,"Cardigan","Cardigan"," 17","Savage Harbour",N,N,"",4,444,"Phelan","","Wayne","Conservative","Conservateur",N,N,73
11001,"Cardigan","Cardigan"," 17","Savage Harbour",N,N,"",4,444,"Squires","","Christene","Christian Heritage Party","Parti de l'Héritage Chrétien",N,N,7
11001,"Cardigan","Cardigan"," 17","Savage Harbour",N,N,"",4,444,"Thiele","","Lynne","NDP-New Democratic Party","NPD-Nouveau Parti démocratique",N,N,28
11001,"Cardigan","Cardigan"," 18","Mount Stewart",N,N,"",3,396,"Beaton","","Glen","Green Party","Parti Vert",N,N,14
11001,"Cardigan","Cardigan"," 18","Mount Stewart",N,N,"",3,396,"MacAulay","","Lawrence","Liberal","Libéral",Y,Y,100
11001,"Cardigan","Cardigan"," 18","Mount Stewart",N,N,"",3,396,"Phelan","","Wayne","Conservative","Conservateur",N,N,38
11001,"Cardigan","Cardigan"," 18","Mount Stewart",N,N,"",3,396,"Squires","","Christene","Christian Heritage Party","Parti de l'Héritage Chrétien",N,N,0
11001,"Cardigan","Cardigan"," 18","Mount Stewart",N,N,"",3,396,"Thiele","","Lynne","NDP-New Democratic Party","NPD-Nouveau Parti démocratique",N,N,12
11001,"Cardigan","Cardigan"," 19","Mount Stewart",N,N,"",0,171,"Beaton","","Glen","Green Party","Parti Vert",N,N,21
11001,"Cardigan","Cardigan"," 19","Mount Stewart",N,N,"",0,171,"MacAulay","","Lawrence","Liberal","Libéral",Y,Y,45
11001,"Cardigan","Cardigan"," 19","Mount Stewart",N,N,"",0,171,"Phelan","","Wayne","Conservative","Conservateur",N,N,2
11001,"Cardigan","Cardigan"," 19","Mount Stewart",N,N,"",0,171,"Squires","","Christene","Christian Heritage Party","Parti de l'Héritage Chrétien",N,N,0
11001,"Cardigan","Cardigan"," 19","Mount Stewart",N,N,"",0,171,"Thiele","","Lynne","NDP-New Democratic Party","NPD-Nouveau Parti démocratique",N,N,16
11001,"Cardigan","Cardigan"," 20","Glenfanning",N,N,"",0,318,"Beaton","","Glen","Green Party","Parti Vert",N,N,11
11001,"Cardigan","Cardigan"," 20","Glenfanning",N,N,"",0,318,"MacAulay","","Lawrence","Liberal","Libéral",Y,Y,89
11001,"Cardigan","Cardigan"," 20","Glenfanning",N,N,"",0,318,"Phelan","","Wayne","Conservative","Conservateur",N,N,67
11001,"Cardigan","Cardigan"," 20","Glenfanning",N,N,"",0,318,"Squires","","Christene","Christian Heritage Party","Parti de l'Héritage Chrétien",N,N,0
11001,"Cardigan","Cardigan"," 20","Glenfanning",N,N,"",0,318,"Thiele","","Lynne","NDP-New Democratic Party","NPD-Nouveau Parti démocratique",N,N,5
11001,"Cardigan","Cardigan"," 21","Launching",N,N,"",5,399,"Beaton","","Glen","Green Party","Parti Vert",N,N,36
11001,"Cardigan","Cardigan"," 21","Launching",N,N,"",5,399,"MacAulay","","Lawrence","Liberal","Libéral",Y,Y,110
11001,"Cardigan","Cardigan"," 21","Launching",N,N,"",5,399,"Phelan","","Wayne","Conservative","Conservateur",N,N,73
11001,"Cardigan","Cardigan"," 21","Launching",N,N,"",5,399,"Squires","","Christene","Christian Heritage Party","Parti de l'Héritage Chrétien",N,N,4
11001,"Cardigan","Cardigan"," 21","Launching",N,N,"",5,399,"Thiele","","Lynne","NDP-New Democratic Party","NPD-Nouveau Parti démocratique",N,N,11
11001,"Cardigan","Cardigan"," 22","Head of Cardigan",N,N,"",2,410,"Beaton","","Glen","Green Party","Parti Vert",N,N,28
11001,"Cardigan","Cardigan"," 22","Head of Cardigan",N,N,"",2,410,"MacAulay","","Lawrence","Liberal","Libéral",Y,Y,87
11001,"Cardigan","Cardigan"," 22","Head of Cardigan",N,N,"",2,410,"Phelan","","Wayne","Conservative","Conservateur",N,N,50
11001,"Cardigan","Cardigan"," 22","Head of Cardigan",N,N,"",2,410,"Squires","","Christene","Christian Heritage Party","Parti de l'Héritage Chrétien",N,N,3
11001,"Cardigan","Cardigan"," 22","Head of Cardigan",N,N,"",2,410,"Thiele","","Lynne","NDP-New Democratic Party","NPD-Nouveau Parti démocratique",N,N,15
11001,"Cardigan","Cardigan"," 23","New Perth",N,N,"",4,419,"Beaton","","Glen","Green Party","Parti Vert",N,N,16
11001,"Cardigan","Cardigan"," 23","New Perth",N,N,"",4,419,"MacAulay","","Lawrence","Liberal","Libéral",Y,Y,62
11001,"Cardigan","Cardigan"," 23","New Perth",N,N,"",4,419,"Phelan","","Wayne","Conservative","Conservateur",N,N,59
11001,"Cardigan","Cardigan"," 23","New Perth",N,N,"",4,419,"Squires","","Christene","Christian Heritage Party","Parti de l'Héritage Chrétien",N,N,0
11001,"Cardigan","Cardigan"," 23","New Perth",N,N,"",4,419,"Thiele","","Lynne","NDP-New Democratic Party","NPD-Nouveau Parti démocratique",N,N,9
11001,"Cardigan","Cardigan"," 24","Tracadie Cross",N,N,"",2,339,"Beaton","","Glen","Green Party","Parti Vert",N,N,38
11001,"Cardigan","Cardigan"," 24","Tracadie Cross",N,N,"",2,339,"MacAulay","","Lawrence","Liberal","Libéral",Y,Y,94
11001,"Cardigan","Cardigan"," 24","Tracadie Cross",N,N,"",2,339,"Phelan","","Wayne","Conservative","Conservateur",N,N,39
11001,"Cardigan","Cardigan"," 24","Tracadie Cross",N,N,"",2,339,"Squires","","Christene","Christian Heritage Party","Parti de l'Héritage Chrétien",N,N,1
11001,"Cardigan","Cardigan"," 24","Tracadie Cross",N,N,"",2,339,"Thiele","","Lynne","NDP-New Democratic Party","NPD-Nouveau Parti démocratique",N,N,15
11001,"Cardigan","Cardigan"," 25","Peakes",N,N,"",1,331,"Beaton","","Glen","Green Party","Parti Vert",N,N,23
11001,"Cardigan","Cardigan"," 25","Peakes",N,N,"",1,331,"MacAulay","","Lawrence","Liberal","Libéral",Y,Y,86
11001,"Cardigan","Cardigan"," 25","Peakes",N,N,"",1,331,"Phelan","","Wayne","Conservative","Conservateur",N,N,56
11001,"Cardigan","Cardigan"," 25","Peakes",N,N,"",1,331,"Squires","","Christene","Christian Heritage Party","Parti de l'Héritage Chrétien",N,N,4
11001,"Cardigan","Cardigan"," 25","Peakes",N,N,"",1,331,"Thiele","","Lynne","NDP-New Democratic Party","NPD-Nouveau Parti démocratique",N,N,10
11001,"Cardigan","Cardigan"," 26","Grand Tracadie",N,N,"",3,480,"Beaton","","Glen","Green Party","Parti Vert",N,N,53
11001,"Cardigan","Cardigan"," 26","Grand Tracadie",N,N,"",3,480,"MacAulay","","Lawrence","Liberal","Libéral",Y,Y,143
11001,"Cardigan","Cardigan"," 26","Grand Tracadie",N,N,"",3,480,"Phelan","","Wayne","Conservative","Conservateur",N,N,74
11001,"Cardigan","Cardigan"," 26","Grand Tracadie",N,N,"",3,480,"Squires","","Christene","Christian Heritage Party","Parti de l'Héritage Chrétien",N,N,1
11001,"Cardigan","Cardigan"," 26","Grand Tracadie",N,N,"",3,480,"Thiele","","Lynne","NDP-New Democratic Party","NPD-Nouveau Parti démocratique",N,N,25
11001,"Cardigan","Cardigan"," 27","Georgetown North",N,N,"",2,464,"Beaton","","Glen","Green Party","Parti Vert",N,N,30
11001,"Cardigan","Cardigan"," 27","Georgetown North",N,N,"",2,464,"MacAulay","","Lawrence","Liberal","Libéral",Y,Y,90
11001,"Cardigan","Cardigan"," 27","Georgetown North",N,N,"",2,464,"Phelan","","Wayne","Conservative","Conservateur",N,N,107
11001,"Cardigan","Cardigan"," 27","Georgetown North",N,N,"",2,464,"Squires","","Christene","Christian Heritage Party","Parti de l'Héritage Chrétien",N,N,2
11001,"Cardigan","Cardigan"," 27","Georgetown North",N,N,"",2,464,"Thiele","","Lynne","NDP-New Democratic Party","NPD-Nouveau Parti démocratique",N,N,18
11001,"Cardigan","Cardigan"," 28","Georgetown South",N,N,"",1,400,"Beaton","","Glen","Green Party","Parti Vert",N,N,24
11001,"Cardigan","Cardigan"," 28","Georgetown South",N,N,"",1,400,"MacAulay","","Lawrence","Liberal","Libéral",Y,Y,106
11001,"Cardigan","Cardigan"," 28","Georgetown South",N,N,"",1,400,"Phelan","","Wayne","Conservative","Conservateur",N,N,98
11001,"Cardigan","Cardigan"," 28","Georgetown South",N,N,"",1,400,"Squires","","Christene","Christian Heritage Party","Parti de l'Héritage Chrétien",N,N,7
11001,"Cardigan","Cardigan"," 28","Georgetown South",N,N,"",1,400,"Thiele","","Lynne","NDP-New Democratic Party","NPD-Nouveau Parti démocratique",N,N,11
11001,"Cardigan","Cardigan"," 29","Bedford Station",N,N,"",2,418,"Beaton","","Glen","Green Party","Parti Vert",N,N,29
11001,"Cardigan","Cardigan"," 29","Bedford Station",N,N,"",2,418,"MacAulay","","Lawrence","Liberal","Libéral",Y,Y,123
11001,"Cardigan","Cardigan"," 29","Bedford Station",N,N,"",2,418,"Phelan","","Wayne","Conservative","Conservateur",N,N,69
11001,"Cardigan","Cardigan"," 29","Bedford Station",N,N,"",2,418,"Squires","","Christene","Christian Heritage Party","Parti de l'Héritage Chrétien",N,N,4
11001,"Cardigan","Cardigan"," 29","Bedford Station",N,N,"",2,418,"Thiele","","Lynne","NDP-New Democratic Party","NPD-Nouveau Parti démocratique",N,N,29
11001,"Cardigan","Cardigan"," 30","Fort Augustus",N,N,"",0,365,"Beaton","","Glen","Green Party","Parti Vert",N,N,18
11001,"Cardigan","Cardigan"," 30","Fort Augustus",N,N,"",0,365,"MacAulay","","Lawrence","Liberal","Libéral",Y,Y,110
11001,"Cardigan","Cardigan"," 30","Fort Augustus",N,N,"",0,365,"Phelan","","Wayne","Conservative","Conservateur",N,N,60
11001,"Cardigan","Cardigan"," 30","Fort Augustus",N,N,"",0,365,"Squires","","Christene","Christian Heritage Party","Parti de l'Héritage Chrétien",N,N,0
11001,"Cardigan","Cardigan"," 30","Fort Augustus",N,N,"",0,365,"Thiele","","Lynne","NDP-New Democratic Party","NPD-Nouveau Parti démocratique",N,N,19
11001,"Cardigan","Cardigan"," 31","Glenfinnan",N,N,"",0,426,"Beaton","","Glen","Green Party","Parti Vert",N,N,45
11001,"Cardigan","Cardigan"," 31","Glenfinnan",N,N,"",0,426,"MacAulay","","Lawrence","Liberal","Libéral",Y,Y,123
11001,"Cardigan","Cardigan"," 31","Glenfinnan",N,N,"",0,426,"Phelan","","Wayne","Conservative","Conservateur",N,N,63
11001,"Cardigan","Cardigan"," 31","Glenfinnan",N,N,"",0,426,"Squires","","Christene","Christian Heritage Party","Parti de l'Héritage Chrétien",N,N,3
11001,"Cardigan","Cardigan"," 31","Glenfinnan",N,N,"",0,426,"Thiele","","Lynne","NDP-New Democratic Party","NPD-Nouveau Parti démocratique",N,N,21
11001,"Cardigan","Cardigan"," 32","Brudenell",N,N,"",0,409,"Beaton","","Glen","Green Party","Parti Vert",N,N,12
11001,"Cardigan","Cardigan"," 32","Brudenell",N,N,"",0,409,"MacAulay","","Lawrence","Liberal","Libéral",Y,Y,87
11001,"Cardigan","Cardigan"," 32","Brudenell",N,N,"",0,409,"Phelan","","Wayne","Conservative","Conservateur",N,N,49
11001,"Cardigan","Cardigan"," 32","Brudenell",N,N,"",0,409,"Squires","","Christene","Christian Heritage Party","Parti de l'Héritage Chrétien",N,N,0
11001,"Cardigan","Cardigan"," 32","Brudenell",N,N,"",0,409,"Thiele","","Lynne","NDP-New Democratic Party","NPD-Nouveau Parti démocratique",N,N,5
11001,"Cardigan","Cardigan"," 33","North Montague",N,N,"",5,435,"Beaton","","Glen","Green Party","Parti Vert",N,N,21
11001,"Cardigan","Cardigan"," 33","North Montague",N,N,"",5,435,"MacAulay","","Lawrence","Liberal","Libéral",Y,Y,73
11001,"Cardigan","Cardigan"," 33","North Montague",N,N,"",5,435,"Phelan","","Wayne","Conservative","Conservateur",N,N,44
11001,"Cardigan","Cardigan"," 33","North Montague",N,N,"",5,435,"Squires","","Christene","Christian Heritage Party","Parti de l'Héritage Chrétien",N,N,3
11001,"Cardigan","Cardigan"," 33","North Montague",N,N,"",5,435,"Thiele","","Lynne","NDP-New Democratic Party","NPD-Nouveau Parti démocratique",N,N,8
11001,"Cardigan","Cardigan"," 34","Central Montague",N,N,"",3,312,"Beaton","","Glen","Green Party","Parti Vert",N,N,19
11001,"Cardigan","Cardigan"," 34","Central Montague",N,N,"",3,312,"MacAulay","","Lawrence","Liberal","Libéral",Y,Y,37
11001,"Cardigan","Cardigan"," 34","Central Montague",N,N,"",3,312,"Phelan","","Wayne","Conservative","Conservateur",N,N,41
11001,"Cardigan","Cardigan"," 34","Central Montague",N,N,"",3,312,"Squires","","Christene","Christian Heritage Party","Parti de l'Héritage Chrétien",N,N,3
11001,"Cardigan","Cardigan"," 34","Central Montague",N,N,"",3,312,"Thiele","","Lynne","NDP-New Democratic Party","NPD-Nouveau Parti démocratique",N,N,13
11001,"Cardigan","Cardigan"," 35","Lower Montague",N,N,"",3,443,"Beaton","","Glen","Green Party","Parti Vert",N,N,31
11001,"Cardigan","Cardigan"," 35","Lower Montague",N,N,"",3,443,"MacAulay","","Lawrence","Liberal","Libéral",Y,Y,100
11001,"Cardigan","Cardigan"," 35","Lower Montague",N,N,"",3,443,"Phelan","","Wayne","Conservative","Conservateur",N,N,48
11001,"Cardigan","Cardigan"," 35","Lower Montague",N,N,"",3,443,"Squires","","Christene","Christian Heritage Party","Parti de l'Héritage Chrétien",N,N,0
11001,"Cardigan","Cardigan"," 35","Lower Montague",N,N,"",3,443,"Thiele","","Lynne","NDP-New Democratic Party","NPD-Nouveau Parti démocratique",N,N,10
11001,"Cardigan","Cardigan"," 36","Sturgeon",N,N,"",5,401,"Beaton","","Glen","Green Party","Parti Vert",N,N,17
11001,"Cardigan","Cardigan"," 36","Sturgeon",N,N,"",5,401,"MacAulay","","Lawrence","Liberal","Libéral",Y,Y,100
11001,"Cardigan","Cardigan"," 36","Sturgeon",N,N,"",5,401,"Phelan","","Wayne","Conservative","Conservateur",N,N,66
11001,"Cardigan","Cardigan"," 36","Sturgeon",N,N,"",5,401,"Squires","","Christene","Christian Heritage Party","Parti de l'Héritage Chrétien",N,N,0
11001,"Cardigan","Cardigan"," 36","Sturgeon",N,N,"",5,401,"Thiele","","Lynne","NDP-New Democratic Party","NPD-Nouveau Parti démocratique",N,N,12
11001,"Cardigan","Cardigan"," 37","Brooklyn",N,N,"",2,412,"Beaton","","Glen","Green Party","Parti Vert",N,N,15
11001,"Cardigan","Cardigan"," 37","Brooklyn",N,N,"",2,412,"MacAulay","","Lawrence","Liberal","Libéral",Y,Y,76
11001,"Cardigan","Cardigan"," 37","Brooklyn",N,N,"",2,412,"Phelan","","Wayne","Conservative","Conservateur",N,N,45
11001,"Cardigan","Cardigan"," 37","Brooklyn",N,N,"",2,412,"Squires","","Christene","Christian Heritage Party","Parti de l'Héritage Chrétien",N,N,1
11001,"Cardigan","Cardigan"," 37","Brooklyn",N,N,"",2,412,"Thiele","","Lynne","NDP-New Democratic Party","NPD-Nouveau Parti démocratique",N,N,6
11001,"Cardigan","Cardigan"," 38","Johnstons River",N,N,"",3,485,"Beaton","","Glen","Green Party","Parti Vert",N,N,30
11001,"Cardigan","Cardigan"," 38","Johnstons River",N,N,"",3,485,"MacAulay","","Lawrence","Liberal","Libéral",Y,Y,108
11001,"Cardigan","Cardigan"," 38","Johnstons River",N,N,"",3,485,"Phelan","","Wayne","Conservative","Conservateur",N,N,74
11001,"Cardigan","Cardigan"," 38","Johnstons River",N,N,"",3,485,"Squires","","Christene","Christian Heritage Party","Parti de l'Héritage Chrétien",N,N,3
11001,"Cardigan","Cardigan"," 38","Johnstons River",N,N,"",3,485,"Thiele","","Lynne","NDP-New Democratic Party","NPD-Nouveau Parti démocratique",N,N,27
11001,"Cardigan","Cardigan"," 39","Hermitage",N,N,"",3,413,"Beaton","","Glen","Green Party","Parti Vert",N,N,28
11001,"Cardigan","Cardigan"," 39","Hermitage",N,N,"",3,413,"MacAulay","","Lawrence","Liberal","Libéral",Y,Y,84
11001,"Cardigan","Cardigan"," 39","Hermitage",N,N,"",3,413,"Phelan","","Wayne","Conservative","Conservateur",N,N,73
11001,"Cardigan","Cardigan"," 39","Hermitage",N,N,"",3,413,"Squires","","Christene","Christian Heritage Party","Parti de l'Héritage Chrétien",N,N,2
11001,"Cardigan","Cardigan"," 39","Hermitage",N,N,"",3,413,"Thiele","","Lynne","NDP-New Democratic Party","NPD-Nouveau Parti démocratique",N,N,21
11001,"Cardigan","Cardigan"," 40","Millview",N,N,"",2,339,"Beaton","","Glen","Green Party","Parti Vert",N,N,27
11001,"Cardigan","Cardigan"," 40","Millview",N,N,"",2,339,"MacAulay","","Lawrence","Liberal","Libéral",Y,Y,111
11001,"Cardigan","Cardigan"," 40","Millview",N,N,"",2,339,"Phelan","","Wayne","Conservative","Conservateur",N,N,48
11001,"Cardigan","Cardigan"," 40","Millview",N,N,"",2,339,"Squires","","Christene","Christian Heritage Party","Parti de l'Héritage Chrétien",N,N,5
11001,"Cardigan","Cardigan"," 40","Millview",N,N,"",2,339,"Thiele","","Lynne","NDP-New Democratic Party","NPD-Nouveau Parti démocratique",N,N,12
11001,"Cardigan","Cardigan"," 41","South Montague",N,N,"",4,386,"Beaton","","Glen","Green Party","Parti Vert",N,N,14
11001,"Cardigan","Cardigan"," 41","South Montague",N,N,"",4,386,"MacAulay","","Lawrence","Liberal","Libéral",Y,Y,80
11001,"Cardigan","Cardigan"," 41","South Montague",N,N,"",4,386,"Phelan","","Wayne","Conservative","Conservateur",N,N,25
11001,"Cardigan","Cardigan"," 41","South Montague",N,N,"",4,386,"Squires","","Christene","Christian Heritage Party","Parti de l'Héritage Chrétien",N,N,1
11001,"Cardigan","Cardigan"," 41","South Montague",N,N,"",4,386,"Thiele","","Lynne","NDP-New Democratic Party","NPD-Nouveau Parti démocratique",N,N,7
11001,"Cardigan","Cardigan"," 42","West Montague",N,N,"",0,342,"Beaton","","Glen","Green Party","Parti Vert",N,N,13
11001,"Cardigan","Cardigan"," 42","West Montague",N,N,"",0,342,"MacAulay","","Lawrence","Liberal","Libéral",Y,Y,63
11001,"Cardigan","Cardigan"," 42","West Montague",N,N,"",0,342,"Phelan","","Wayne","Conservative","Conservateur",N,N,34
11001,"Cardigan","Cardigan"," 42","West Montague",N,N,"",0,342,"Squires","","Christene","Christian Heritage Party","Parti de l'Héritage Chrétien",N,N,1
11001,"Cardigan","Cardigan"," 42","West Montague",N,N,"",0,342,"Thiele","","Lynne","NDP-New Democratic Party","NPD-Nouveau Parti démocratique",N,N,8
11001,"Cardigan","Cardigan"," 43","Victoria Cross",N,N,"",4,419,"Beaton","","Glen","Green Party","Parti Vert",N,N,18
11001,"Cardigan","Cardigan"," 43","Victoria Cross",N,N,"",4,419,"MacAulay","","Lawrence","Liberal","Libéral",Y,Y,88
11001,"Cardigan","Cardigan"," 43","Victoria Cross",N,N,"",4,419,"Phelan","","Wayne","Conservative","Conservateur",N,N,63
11001,"Cardigan","Cardigan"," 43","Victoria Cross",N,N,"",4,419,"Squires","","Christene","Christian Heritage Party","Parti de l'Héritage Chrétien",N,N,0
11001,"Cardigan","Cardigan"," 43","Victoria Cross",N,N,"",4,419,"Thiele","","Lynne","NDP-New Democratic Party","NPD-Nouveau Parti démocratique",N,N,10
11001,"Cardigan","Cardigan"," 44","Valleyfield",N,N,"",7,347,"Beaton","","Glen","Green Party","Parti Vert",N,N,8
11001,"Cardigan","Cardigan"," 44","Valleyfield",N,N,"",7,347,"MacAulay","","Lawrence","Liberal","Libéral",Y,Y,76
11001,"Cardigan","Cardigan"," 44","Valleyfield",N,N,"",7,347,"Phelan","","Wayne","Conservative","Conservateur",N,N,50
11001,"Cardigan","Cardigan"," 44","Valleyfield",N,N,"",7,347,"Squires","","Christene","Christian Heritage Party","Parti de l'Héritage Chrétien",N,N,0
11001,"Cardigan","Cardigan"," 44","Valleyfield",N,N,"",7,347,"Thiele","","Lynne","NDP-New Democratic Party","NPD-Nouveau Parti démocratique",N,N,7
11001,"Cardigan","Cardigan"," 45","Murray Harbour North",N,N,"",4,344,"Beaton","","Glen","Green Party","Parti Vert",N,N,25
11001,"Cardigan","Cardigan"," 45","Murray Harbour North",N,N,"",4,344,"MacAulay","","Lawrence","Liberal","Libéral",Y,Y,81
11001,"Cardigan","Cardigan"," 45","Murray Harbour North",N,N,"",4,344,"Phelan","","Wayne","Conservative","Conservateur",N,N,71
11001,"Cardigan","Cardigan"," 45","Murray Harbour North",N,N,"",4,344,"Squires","","Christene","Christian Heritage Party","Parti de l'Héritage Chrétien",N,N,1
11001,"Cardigan","Cardigan"," 45","Murray Harbour North",N,N,"",4,344,"Thiele","","Lynne","NDP-New Democratic Party","NPD-Nouveau Parti démocratique",N,N,10
11001,"Cardigan","Cardigan"," 46","Mount Herbert",N,N,"",2,661,"Beaton","","Glen","Green Party","Parti Vert",N,N,70
11001,"Cardigan","Cardigan"," 46","Mount Herbert",N,N,"",2,661,"MacAulay","","Lawrence","Liberal","Libéral",Y,Y,170
11001,"Cardigan","Cardigan"," 46","Mount Herbert",N,N,"",2,661,"Phelan","","Wayne","Conservative","Conservateur",N,N,82
11001,"Cardigan","Cardigan"," 46","Mount Herbert",N,N,"",2,661,"Squires","","Christene","Christian Heritage Party","Parti de l'Héritage Chrétien",N,N,2
11001,"Cardigan","Cardigan"," 46","Mount Herbert",N,N,"",2,661,"Thiele","","Lynne","NDP-New Democratic Party","NPD-Nouveau Parti démocratique",N,N,28
11001,"Cardigan","Cardigan"," 47","Stratford",N,N,"",0,550,"Beaton","","Glen","Green Party","Parti Vert",N,N,37
11001,"Cardigan","Cardigan"," 47","Stratford",N,N,"",0,550,"MacAulay","","Lawrence","Liberal","Libéral",Y,Y,114
11001,"Cardigan","Cardigan"," 47","Stratford",N,N,"",0,550,"Phelan","","Wayne","Conservative","Conservateur",N,N,53
11001,"Cardigan","Cardigan"," 47","Stratford",N,N,"",0,550,"Squires","","Christene","Christian Heritage Party","Parti de l'Héritage Chrétien",N,N,1
11001,"Cardigan","Cardigan"," 47","Stratford",N,N,"",0,550,"Thiele","","Lynne","NDP-New Democratic Party","NPD-Nouveau Parti démocratique",N,N,24
11001,"Cardigan","Cardigan"," 48","Kinross",N,N,"",6,326,"Beaton","","Glen","Green Party","Parti Vert",N,N,28
11001,"Cardigan","Cardigan"," 48","Kinross",N,N,"",6,326,"MacAulay","","Lawrence","Liberal","Libéral",Y,Y,65
11001,"Cardigan","Cardigan"," 48","Kinross",N,N,"",6,326,"Phelan","","Wayne","Conservative","Conservateur",N,N,50
11001,"Cardigan","Cardigan"," 48","Kinross",N,N,"",6,326,"Squires","","Christene","Christian Heritage Party","Parti de l'Héritage Chrétien",N,N,8
11001,"Cardigan","Cardigan"," 48","Kinross",N,N,"",6,326,"Thiele","","Lynne","NDP-New Democratic Party","NPD-Nouveau Parti démocratique",N,N,10
11001,"Cardigan","Cardigan"," 49","Beach Point",N,N,"",3,320,"Beaton","","Glen","Green Party","Parti Vert",N,N,27
11001,"Cardigan","Cardigan"," 49","Beach Point",N,N,"",3,320,"MacAulay","","Lawrence","Liberal","Libéral",Y,Y,58
11001,"Cardigan","Cardigan"," 49","Beach Point",N,N,"",3,320,"Phelan","","Wayne","Conservative","Conservateur",N,N,56
11001,"Cardigan","Cardigan"," 49","Beach Point",N,N,"",3,320,"Squires","","Christene","Christian Heritage Party","Parti de l'Héritage Chrétien",N,N,5
11001,"Cardigan","Cardigan"," 49","Beach Point",N,N,"",3,320,"Thiele","","Lynne","NDP-New Democratic Party","NPD-Nouveau Parti démocratique",N,N,10
11001,"Cardigan","Cardigan"," 50","Murray River South",N,N,"",2,308,"Beaton","","Glen","Green Party","Parti Vert",N,N,30
11001,"Cardigan","Cardigan"," 50","Murray River South",N,N,"",2,308,"MacAulay","","Lawrence","Liberal","Libéral",Y,Y,58
11001,"Cardigan","Cardigan"," 50","Murray River South",N,N,"",2,308,"Phelan","","Wayne","Conservative","Conservateur",N,N,61
11001,"Cardigan","Cardigan"," 50","Murray River South",N,N,"",2,308,"Squires","","Christene","Christian Heritage Party","Parti de l'Héritage Chrétien",N,N,1
11001,"Cardigan","Cardigan"," 50","Murray River South",N,N,"",2,308,"Thiele","","Lynne","NDP-New Democratic Party","NPD-Nouveau Parti démocratique",N,N,1
11001,"Cardigan","Cardigan"," 51","Cherry Valley",N,N,"",1,294,"Beaton","","Glen","Green Party","Parti Vert",N,N,17
11001,"Cardigan","Cardigan"," 51","Cherry Valley",N,N,"",1,294,"MacAulay","","Lawrence","Liberal","Libéral",Y,Y,91
11001,"Cardigan","Cardigan"," 51","Cherry Valley",N,N,"",1,294,"Phelan","","Wayne","Conservative","Conservateur",N,N,57
11001,"Cardigan","Cardigan"," 51","Cherry Valley",N,N,"",1,294,"Squires","","Christene","Christian Heritage Party","Parti de l'Héritage Chrétien",N,N,0
11001,"Cardigan","Cardigan"," 51","Cherry Valley",N,N,"",1,294,"Thiele","","Lynne","NDP-New Democratic Party","NPD-Nouveau Parti démocratique",N,N,11
11001,"Cardigan","Cardigan"," 52","Stratford",N,N,"",2,425,"Beaton","","Glen","Green Party","Parti Vert",N,N,45
11001,"Cardigan","Cardigan"," 52","Stratford",N,N,"",2,425,"MacAulay","","Lawrence","Liberal","Libéral",Y,Y,91
11001,"Cardigan","Cardigan"," 52","Stratford",N,N,"",2,425,"Phelan","","Wayne","Conservative","Conservateur",N,N,49
11001,"Cardigan","Cardigan"," 52","Stratford",N,N,"",2,425,"Squires","","Christene","Christian Heritage Party","Parti de l'Héritage Chrétien",N,N,1
11001,"Cardigan","Cardigan"," 52","Stratford",N,N,"",2,425,"Thiele","","Lynne","NDP-New Democratic Party","NPD-Nouveau Parti démocratique",N,N,20
11001,"Cardigan","Cardigan"," 53","Stratford",N,N,"",1,425,"Beaton","","Glen","Green Party","Parti Vert",N,N,38
11001,"Cardigan","Cardigan"," 53","Stratford",N,N,"",1,425,"MacAulay","","Lawrence","Liberal","Libéral",Y,Y,100
11001,"Cardigan","Cardigan"," 53","Stratford",N,N,"",1,425,"Phelan","","Wayne","Conservative","Conservateur",N,N,49
11001,"Cardigan","Cardigan"," 53","Stratford",N,N,"",1,425,"Squires","","Christene","Christian Heritage Party","Parti de l'Héritage Chrétien",N,N,1
11001,"Cardigan","Cardigan"," 53","Stratford",N,N,"",1,425,"Thiele","","Lynne","NDP-New Democratic Party","NPD-Nouveau Parti démocratique",N,N,15
11001,"Cardigan","Cardigan"," 54","Stratford",N,N,"",0,541,"Beaton","","Glen","Green Party","Parti Vert",N,N,30
11001,"Cardigan","Cardigan"," 54","Stratford",N,N,"",0,541,"MacAulay","","Lawrence","Liberal","Libéral",Y,Y,127
11001,"Cardigan","Cardigan"," 54","Stratford",N,N,"",0,541,"Phelan","","Wayne","Conservative","Conservateur",N,N,82
11001,"Cardigan","Cardigan"," 54","Stratford",N,N,"",0,541,"Squires","","Christene","Christian Heritage Party","Parti de l'Héritage Chrétien",N,N,2
11001,"Cardigan","Cardigan"," 54","Stratford",N,N,"",0,541,"Thiele","","Lynne","NDP-New Democratic Party","NPD-Nouveau Parti démocratique",N,N,21
11001,"Cardigan","Cardigan"," 55","Stratford",N,N,"",2,419,"Beaton","","Glen","Green Party","Parti Vert",N,N,23
11001,"Cardigan","Cardigan"," 55","Stratford",N,N,"",2,419,"MacAulay","","Lawrence","Liberal","Libéral",Y,Y,94
11001,"Cardigan","Cardigan"," 55","Stratford",N,N,"",2,419,"Phelan","","Wayne","Conservative","Conservateur",N,N,61
11001,"Cardigan","Cardigan"," 55","Stratford",N,N,"",2,419,"Squires","","Christene","Christian Heritage Party","Parti de l'Héritage Chrétien",N,N,0
11001,"Cardigan","Cardigan"," 55","Stratford",N,N,"",2,419,"Thiele","","Lynne","NDP-New Democratic Party","NPD-Nouveau Parti démocratique",N,N,19
11001,"Cardigan","Cardigan"," 56","Stratford",N,N,"",1,467,"Beaton","","Glen","Green Party","Parti Vert",N,N,41
11001,"Cardigan","Cardigan"," 56","Stratford",N,N,"",1,467,"MacAulay","","Lawrence","Liberal","Libéral",Y,Y,101
11001,"Cardigan","Cardigan"," 56","Stratford",N,N,"",1,467,"Phelan","","Wayne","Conservative","Conservateur",N,N,53
11001,"Cardigan","Cardigan"," 56","Stratford",N,N,"",1,467,"Squires","","Christene","Christian Heritage Party","Parti de l'Héritage Chrétien",N,N,1
11001,"Cardigan","Cardigan"," 56","Stratford",N,N,"",1,467,"Thiele","","Lynne","NDP-New Democratic Party","NPD-Nouveau Parti démocratique",N,N,15
11001,"Cardigan","Cardigan"," 57","Stratford",N,N,"",2,564,"Beaton","","Glen","Green Party","Parti Vert",N,N,56
11001,"Cardigan","Cardigan"," 57","Stratford",N,N,"",2,564,"MacAulay","","Lawrence","Liberal","Libéral",Y,Y,109
11001,"Cardigan","Cardigan"," 57","Stratford",N,N,"",2,564,"Phelan","","Wayne","Conservative","Conservateur",N,N,51
11001,"Cardigan","Cardigan"," 57","Stratford",N,N,"",2,564,"Squires","","Christene","Christian Heritage Party","Parti de l'Héritage Chrétien",N,N,1
11001,"Cardigan","Cardigan"," 57","Stratford",N,N,"",2,564,"Thiele","","Lynne","NDP-New Democratic Party","NPD-Nouveau Parti démocratique",N,N,28
11001,"Cardigan","Cardigan"," 58","Stratford",N,N,"",1,604,"Beaton","","Glen","Green Party","Parti Vert",N,N,51
11001,"Cardigan","Cardigan"," 58","Stratford",N,N,"",1,604,"MacAulay","","Lawrence","Liberal","Libéral",Y,Y,107
11001,"Cardigan","Cardigan"," 58","Stratford",N,N,"",1,604,"Phelan","","Wayne","Conservative","Conservateur",N,N,39
11001,"Cardigan","Cardigan"," 58","Stratford",N,N,"",1,604,"Squires","","Christene","Christian Heritage Party","Parti de l'Héritage Chrétien",N,N,1
11001,"Cardigan","Cardigan"," 58","Stratford",N,N,"",1,604,"Thiele","","Lynne","NDP-New Democratic Party","NPD-Nouveau Parti démocratique",N,N,35
11001,"Cardigan","Cardigan"," 59","Stratford",N,N,"",1,436,"Beaton","","Glen","Green Party","Parti Vert",N,N,36
11001,"Cardigan","Cardigan"," 59","Stratford",N,N,"",1,436,"MacAulay","","Lawrence","Liberal","Libéral",Y,Y,77
11001,"Cardigan","Cardigan"," 59","Stratford",N,N,"",1,436,"Phelan","","Wayne","Conservative","Conservateur",N,N,37
11001,"Cardigan","Cardigan"," 59","Stratford",N,N,"",1,436,"Squires","","Christene","Christian Heritage Party","Parti de l'Héritage Chrétien",N,N,0
11001,"Cardigan","Cardigan"," 59","Stratford",N,N,"",1,436,"Thiele","","Lynne","NDP-New Democratic Party","NPD-Nouveau Parti démocratique",N,N,16
11001,"Cardigan","Cardigan"," 60","Stratford",N,N,"",1,500,"Beaton","","Glen","Green Party","Parti Vert",N,N,44
11001,"Cardigan","Cardigan"," 60","Stratford",N,N,"",1,500,"MacAulay","","Lawrence","Liberal","Libéral",Y,Y,116
11001,"Cardigan","Cardigan"," 60","Stratford",N,N,"",1,500,"Phelan","","Wayne","Conservative","Conservateur",N,N,59
11001,"Cardigan","Cardigan"," 60","Stratford",N,N,"",1,500,"Squires","","Christene","Christian Heritage Party","Parti de l'Héritage Chrétien",N,N,1
11001,"Cardigan","Cardigan"," 60","Stratford",N,N,"",1,500,"Thiele","","Lynne","NDP-New Democratic Party","NPD-Nouveau Parti démocratique",N,N,20
11001,"Cardigan","Cardigan"," 61","Stratford",N,N,"",1,382,"Beaton","","Glen","Green Party","Parti Vert",N,N,25
11001,"Cardigan","Cardigan"," 61","Stratford",N,N,"",1,382,"MacAulay","","Lawrence","Liberal","Libéral",Y,Y,53
11001,"Cardigan","Cardigan"," 61","Stratford",N,N,"",1,382,"Phelan","","Wayne","Conservative","Conservateur",N,N,38
11001,"Cardigan","Cardigan"," 61","Stratford",N,N,"",1,382,"Squires","","Christene","Christian Heritage Party","Parti de l'Héritage Chrétien",N,N,2
11001,"Cardigan","Cardigan"," 61","Stratford",N,N,"",1,382,"Thiele","","Lynne","NDP-New Democratic Party","NPD-Nouveau Parti démocratique",N,N,22
11001,"Cardigan","Cardigan"," 62","Stratford",N,N,"",1,512,"Beaton","","Glen","Green Party","Parti Vert",N,N,38
11001,"Cardigan","Cardigan"," 62","Stratford",N,N,"",1,512,"MacAulay","","Lawrence","Liberal","Libéral",Y,Y,97
11001,"Cardigan","Cardigan"," 62","Stratford",N,N,"",1,512,"Phelan","","Wayne","Conservative","Conservateur",N,N,68
11001,"Cardigan","Cardigan"," 62","Stratford",N,N,"",1,512,"Squires","","Christene","Christian Heritage Party","Parti de l'Héritage Chrétien",N,N,2
11001,"Cardigan","Cardigan"," 62","Stratford",N,N,"",1,512,"Thiele","","Lynne","NDP-New Democratic Party","NPD-Nouveau Parti démocratique",N,N,17
11001,"Cardigan","Cardigan"," 63","Stratford",N,N,"",0,439,"Beaton","","Glen","Green Party","Parti Vert",N,N,50
11001,"Cardigan","Cardigan"," 63","Stratford",N,N,"",0,439,"MacAulay","","Lawrence","Liberal","Libéral",Y,Y,106
11001,"Cardigan","Cardigan"," 63","Stratford",N,N,"",0,439,"Phelan","","Wayne","Conservative","Conservateur",N,N,49
11001,"Cardigan","Cardigan"," 63","Stratford",N,N,"",0,439,"Squires","","Christene","Christian Heritage Party","Parti de l'Héritage Chrétien",N,N,2
11001,"Cardigan","Cardigan"," 63","Stratford",N,N,"",0,439,"Thiele","","Lynne","NDP-New Democratic Party","NPD-Nouveau Parti démocratique",N,N,16
11001,"Cardigan","Cardigan"," 64","Stratford",N,N,"",1,609,"Beaton","","Glen","Green Party","Parti Vert",N,N,62
11001,"Cardigan","Cardigan"," 64","Stratford",N,N,"",1,609,"MacAulay","","Lawrence","Liberal","Libéral",Y,Y,145
11001,"Cardigan","Cardigan"," 64","Stratford",N,N,"",1,609,"Phelan","","Wayne","Conservative","Conservateur",N,N,87
11001,"Cardigan","Cardigan"," 64","Stratford",N,N,"",1,609,"Squires","","Christene","Christian Heritage Party","Parti de l'Héritage Chrétien",N,N,1
11001,"Cardigan","Cardigan"," 64","Stratford",N,N,"",1,609,"Thiele","","Lynne","NDP-New Democratic Party","NPD-Nouveau Parti démocratique",N,N,20
11001,"Cardigan","Cardigan"," 65","Stratford",N,N,"",0,482,"Beaton","","Glen","Green Party","Parti Vert",N,N,41
11001,"Cardigan","Cardigan"," 65","Stratford",N,N,"",0,482,"MacAulay","","Lawrence","Liberal","Libéral",Y,Y,105
11001,"Cardigan","Cardigan"," 65","Stratford",N,N,"",0,482,"Phelan","","Wayne","Conservative","Conservateur",N,N,58
11001,"Cardigan","Cardigan"," 65","Stratford",N,N,"",0,482,"Squires","","Christene","Christian Heritage Party","Parti de l'Héritage Chrétien",N,N,0
11001,"Cardigan","Cardigan"," 65","Stratford",N,N,"",0,482,"Thiele","","Lynne","NDP-New Democratic Party","NPD-Nouveau Parti démocratique",N,N,23
11001,"Cardigan","Cardigan"," 66","Hazelbrook",N,N,"",0,329,"Beaton","","Glen","Green Party","Parti Vert",N,N,28
11001,"Cardigan","Cardigan"," 66","Hazelbrook",N,N,"",0,329,"MacAulay","","Lawrence","Liberal","Libéral",Y,Y,54
11001,"Cardigan","Cardigan"," 66","Hazelbrook",N,N,"",0,329,"Phelan","","Wayne","Conservative","Conservateur",N,N,51
11001,"Cardigan","Cardigan"," 66","Hazelbrook",N,N,"",0,329,"Squires","","Christene","Christian Heritage Party","Parti de l'Héritage Chrétien",N,N,2
11001,"Cardigan","Cardigan"," 66","Hazelbrook",N,N,"",0,329,"Thiele","","Lynne","NDP-New Democratic Party","NPD-Nouveau Parti démocratique",N,N,11
11001,"Cardigan","Cardigan"," 67","Pownal",N,N,"",0,418,"Beaton","","Glen","Green Party","Parti Vert",N,N,26
11001,"Cardigan","Cardigan"," 67","Pownal",N,N,"",0,418,"MacAulay","","Lawrence","Liberal","Libéral",Y,Y,80
11001,"Cardigan","Cardigan"," 67","Pownal",N,N,"",0,418,"Phelan","","Wayne","Conservative","Conservateur",N,N,79
11001,"Cardigan","Cardigan"," 67","Pownal",N,N,"",0,418,"Squires","","Christene","Christian Heritage Party","Parti de l'Héritage Chrétien",N,N,5
11001,"Cardigan","Cardigan"," 67","Pownal",N,N,"",0,418,"Thiele","","Lynne","NDP-New Democratic Party","NPD-Nouveau Parti démocratique",N,N,29
11001,"Cardigan","Cardigan"," 68","Alexandra",N,N,"",1,303,"Beaton","","Glen","Green Party","Parti Vert",N,N,26
11001,"Cardigan","Cardigan"," 68","Alexandra",N,N,"",1,303,"MacAulay","","Lawrence","Liberal","Libéral",Y,Y,73
11001,"Cardigan","Cardigan"," 68","Alexandra",N,N,"",1,303,"Phelan","","Wayne","Conservative","Conservateur",N,N,46
11001,"Cardigan","Cardigan"," 68","Alexandra",N,N,"",1,303,"Squires","","Christene","Christian Heritage Party","Parti de l'Héritage Chrétien",N,N,1
11001,"Cardigan","Cardigan"," 68","Alexandra",N,N,"",1,303,"Thiele","","Lynne","NDP-New Democratic Party","NPD-Nouveau Parti démocratique",N,N,6
11001,"Cardigan","Cardigan"," 69","Iona",N,N,"",2,254,"Beaton","","Glen","Green Party","Parti Vert",N,N,25
11001,"Cardigan","Cardigan"," 69","Iona",N,N,"",2,254,"MacAulay","","Lawrence","Liberal","Libéral",Y,Y,83
11001,"Cardigan","Cardigan"," 69","Iona",N,N,"",2,254,"Phelan","","Wayne","Conservative","Conservateur",N,N,63
11001,"Cardigan","Cardigan"," 69","Iona",N,N,"",2,254,"Squires","","Christene","Christian Heritage Party","Parti de l'Héritage Chrétien",N,N,1
11001,"Cardigan","Cardigan"," 69","Iona",N,N,"",2,254,"Thiele","","Lynne","NDP-New Democratic Party","NPD-Nouveau Parti démocratique",N,N,8
11001,"Cardigan","Cardigan"," 70","Murray River North",N,N,"",1,358,"Beaton","","Glen","Green Party","Parti Vert",N,N,25
11001,"Cardigan","Cardigan"," 70","Murray River North",N,N,"",1,358,"MacAulay","","Lawrence","Liberal","Libéral",Y,Y,80
11001,"Cardigan","Cardigan"," 70","Murray River North",N,N,"",1,358,"Phelan","","Wayne","Conservative","Conservateur",N,N,56
11001,"Cardigan","Cardigan"," 70","Murray River North",N,N,"",1,358,"Squires","","Christene","Christian Heritage Party","Parti de l'Héritage Chrétien",N,N,2
11001,"Cardigan","Cardigan"," 70","Murray River North",N,N,"",1,358,"Thiele","","Lynne","NDP-New Democratic Party","NPD-Nouveau Parti démocratique",N,N,13
11001,"Cardigan","Cardigan"," 71","Lewes",N,N,"",0,319,"Beaton","","Glen","Green Party","Parti Vert",N,N,14
11001,"Cardigan","Cardigan"," 71","Lewes",N,N,"",0,319,"MacAulay","","Lawrence","Liberal","Libéral",Y,Y,43
11001,"Cardigan","Cardigan"," 71","Lewes",N,N,"",0,319,"Phelan","","Wayne","Conservative","Conservateur",N,N,39
11001,"Cardigan","Cardigan"," 71","Lewes",N,N,"",0,319,"Squires","","Christene","Christian Heritage Party","Parti de l'Héritage Chrétien",N,N,2
11001,"Cardigan","Cardigan"," 71","Lewes",N,N,"",0,319,"Thiele","","Lynne","NDP-New Democratic Party","NPD-Nouveau Parti démocratique",N,N,8
11001,"Cardigan","Cardigan"," 72","Abney",N,N,"",1,421,"Beaton","","Glen","Green Party","Parti Vert",N,N,33
11001,"Cardigan","Cardigan"," 72","Abney",N,N,"",1,421,"MacAulay","","Lawrence","Liberal","Libéral",Y,Y,73
11001,"Cardigan","Cardigan"," 72","Abney",N,N,"",1,421,"Phelan","","Wayne","Conservative","Conservateur",N,N,76
11001,"Cardigan","Cardigan"," 72","Abney",N,N,"",1,421,"Squires","","Christene","Christian Heritage Party","Parti de l'Héritage Chrétien",N,N,11
11001,"Cardigan","Cardigan"," 72","Abney",N,N,"",1,421,"Thiele","","Lynne","NDP-New Democratic Party","NPD-Nouveau Parti démocratique",N,N,13
11001,"Cardigan","Cardigan"," 73","Mount Buchanan",N,N,"",2,376,"Beaton","","Glen","Green Party","Parti Vert",N,N,39
11001,"Cardigan","Cardigan"," 73","Mount Buchanan",N,N,"",2,376,"MacAulay","","Lawrence","Liberal","Libéral",Y,Y,111
11001,"Cardigan","Cardigan"," 73","Mount Buchanan",N,N,"",2,376,"Phelan","","Wayne","Conservative","Conservateur",N,N,62
11001,"Cardigan","Cardigan"," 73","Mount Buchanan",N,N,"",2,376,"Squires","","Christene","Christian Heritage Party","Parti de l'Héritage Chrétien",N,N,5
11001,"Cardigan","Cardigan"," 73","Mount Buchanan",N,N,"",2,376,"Thiele","","Lynne","NDP-New Democratic Party","NPD-Nouveau Parti démocratique",N,N,12
11001,"Cardigan","Cardigan"," 74","Wood Islands",N,N,"",1,336,"Beaton","","Glen","Green Party","Parti Vert",N,N,18
11001,"Cardigan","Cardigan"," 74","Wood Islands",N,N,"",1,336,"MacAulay","","Lawrence","Liberal","Libéral",Y,Y,59
11001,"Cardigan","Cardigan"," 74","Wood Islands",N,N,"",1,336,"Phelan","","Wayne","Conservative","Conservateur",N,N,44
11001,"Cardigan","Cardigan"," 74","Wood Islands",N,N,"",1,336,"Squires","","Christene","Christian Heritage Party","Parti de l'Héritage Chrétien",N,N,1
11001,"Cardigan","Cardigan"," 74","Wood Islands",N,N,"",1,336,"Thiele","","Lynne","NDP-New Democratic Party","NPD-Nouveau Parti démocratique",N,N,9
11001,"Cardigan","Cardigan"," 75","Flat River",N,N,"",3,373,"Beaton","","Glen","Green Party","Parti Vert",N,N,35
11001,"Cardigan","Cardigan"," 75","Flat River",N,N,"",3,373,"MacAulay","","Lawrence","Liberal","Libéral",Y,Y,69
11001,"Cardigan","Cardigan"," 75","Flat River",N,N,"",3,373,"Phelan","","Wayne","Conservative","Conservateur",N,N,55
11001,"Cardigan","Cardigan"," 75","Flat River",N,N,"",3,373,"Squires","","Christene","Christian Heritage Party","Parti de l'Héritage Chrétien",N,N,3
11001,"Cardigan","Cardigan"," 75","Flat River",N,N,"",3,373,"Thiele","","Lynne","NDP-New Democratic Party","NPD-Nouveau Parti démocratique",N,N,9
11001,"Cardigan","Cardigan"," 500","Mobile poll/Bureau itinérant",N,N,"",0,69,"Beaton","","Glen","Green Party","Parti Vert",N,N,3
11001,"Cardigan","Cardigan"," 500","Mobile poll/Bureau itinérant",N,N,"",0,69,"MacAulay","","Lawrence","Liberal","Libéral",Y,Y,30
11001,"Cardigan","Cardigan"," 500","Mobile poll/Bureau itinérant",N,N,"",0,69,"Phelan","","Wayne","Conservative","Conservateur",N,N,9
11001,"Cardigan","Cardigan"," 500","Mobile poll/Bureau itinérant",N,N,"",0,69,"Squires","","Christene","Christian Heritage Party","Parti de l'Héritage Chrétien",N,N,1
11001,"Cardigan","Cardigan"," 500","Mobile poll/Bureau itinérant",N,N,"",0,69,"Thiele","","Lynne","NDP-New Democratic Party","NPD-Nouveau Parti démocratique",N,N,1
11001,"Cardigan","Cardigan"," 501","Mobile poll/Bureau itinérant",N,N,"",1,106,"Beaton","","Glen","Green Party","Parti Vert",N,N,5
11001,"Cardigan","Cardigan"," 501","Mobile poll/Bureau itinérant",N,N,"",1,106,"MacAulay","","Lawrence","Liberal","Libéral",Y,Y,26
11001,"Cardigan","Cardigan"," 501","Mobile poll/Bureau itinérant",N,N,"",1,106,"Phelan","","Wayne","Conservative","Conservateur",N,N,19
11001,"Cardigan","Cardigan"," 501","Mobile poll/Bureau itinérant",N,N,"",1,106,"Squires","","Christene","Christian Heritage Party","Parti de l'Héritage Chrétien",N,N,0
11001,"Cardigan","Cardigan"," 501","Mobile poll/Bureau itinérant",N,N,"",1,106,"Thiele","","Lynne","NDP-New Democratic Party","NPD-Nouveau Parti démocratique",N,N,1
11001,"Cardigan","Cardigan"," 502","Mobile poll/Bureau itinérant",N,N,"",2,112,"Beaton","","Glen","Green Party","Parti Vert",N,N,4
11001,"Cardigan","Cardigan"," 502","Mobile poll/Bureau itinérant",N,N,"",2,112,"MacAulay","","Lawrence","Liberal","Libéral",Y,Y,36
11001,"Cardigan","Cardigan"," 502","Mobile poll/Bureau itinérant",N,N,"",2,112,"Phelan","","Wayne","Conservative","Conservateur",N,N,26
11001,"Cardigan","Cardigan"," 502","Mobile poll/Bureau itinérant",N,N,"",2,112,"Squires","","Christene","Christian Heritage Party","Parti de l'Héritage Chrétien",N,N,1
11001,"Cardigan","Cardigan"," 502","Mobile poll/Bureau itinérant",N,N,"",2,112,"Thiele","","Lynne","NDP-New Democratic Party","NPD-Nouveau Parti démocratique",N,N,1
11001,"Cardigan","Cardigan"," 503","Mobile poll/Bureau itinérant",N,N,"",2,94,"Beaton","","Glen","Green Party","Parti Vert",N,N,13
11001,"Cardigan","Cardigan"," 503","Mobile poll/Bureau itinérant",N,N,"",2,94,"MacAulay","","Lawrence","Liberal","Libéral",Y,Y,45
11001,"Cardigan","Cardigan"," 503","Mobile poll/Bureau itinérant",N,N,"",2,94,"Phelan","","Wayne","Conservative","Conservateur",N,N,20
11001,"Cardigan","Cardigan"," 503","Mobile poll/Bureau itinérant",N,N,"",2,94,"Squires","","Christene","Christian Heritage Party","Parti de l'Héritage Chrétien",N,N,0
11001,"Cardigan","Cardigan"," 503","Mobile poll/Bureau itinérant",N,N,"",2,94,"Thiele","","Lynne","NDP-New Democratic Party","NPD-Nouveau Parti démocratique",N,N,1
11001,"Cardigan","Cardigan"," 600","Souris",N,N,"",2,0,"Beaton","","Glen","Green Party","Parti Vert",N,N,78
11001,"Cardigan","Cardigan"," 600","Souris",N,N,"",2,0,"MacAulay","","Lawrence","Liberal","Libéral",Y,Y,473
11001,"Cardigan","Cardigan"," 600","Souris",N,N,"",2,0,"Phelan","","Wayne","Conservative","Conservateur",N,N,269
11001,"Cardigan","Cardigan"," 600","Souris",N,N,"",2,0,"Squires","","Christene","Christian Heritage Party","Parti de l'Héritage Chrétien",N,N,5
11001,"Cardigan","Cardigan"," 600","Souris",N,N,"",2,0,"Thiele","","Lynne","NDP-New Democratic Party","NPD-Nouveau Parti démocratique",N,N,45
11001,"Cardigan","Cardigan"," 601","Mount Stewart",N,N,"",7,0,"Beaton","","Glen","Green Party","Parti Vert",N,N,86
11001,"Cardigan","Cardigan"," 601","Mount Stewart",N,N,"",7,0,"MacAulay","","Lawrence","Liberal","Libéral",Y,Y,444
11001,"Cardigan","Cardigan"," 601","Mount Stewart",N,N,"",7,0,"Phelan","","Wayne","Conservative","Conservateur",N,N,236
11001,"Cardigan","Cardigan"," 601","Mount Stewart",N,N,"",7,0,"Squires","","Christene","Christian Heritage Party","Parti de l'Héritage Chrétien",N,N,10
11001,"Cardigan","Cardigan"," 601","Mount Stewart",N,N,"",7,0,"Thiele","","Lynne","NDP-New Democratic Party","NPD-Nouveau Parti démocratique",N,N,44
11001,"Cardigan","Cardigan"," 602","Central Kings & Queens",N,N,"",4,0,"Beaton","","Glen","Green Party","Parti Vert",N,N,55
11001,"Cardigan","Cardigan"," 602","Central Kings & Queens",N,N,"",4,0,"MacAulay","","Lawrence","Liberal","Libéral",Y,Y,397
11001,"Cardigan","Cardigan"," 602","Central Kings & Queens",N,N,"",4,0,"Phelan","","Wayne","Conservative","Conservateur",N,N,199
11001,"Cardigan","Cardigan"," 602","Central Kings & Queens",N,N,"",4,0,"Squires","","Christene","Christian Heritage Party","Parti de l'Héritage Chrétien",N,N,2
11001,"Cardigan","Cardigan"," 602","Central Kings & Queens",N,N,"",4,0,"Thiele","","Lynne","NDP-New Democratic Party","NPD-Nouveau Parti démocratique",N,N,36
11001,"Cardigan","Cardigan"," 603","Montague",N,N,"",11,0,"Beaton","","Glen","Green Party","Parti Vert",N,N,54
11001,"Cardigan","Cardigan"," 603","Montague",N,N,"",11,0,"MacAulay","","Lawrence","Liberal","Libéral",Y,Y,351
11001,"Cardigan","Cardigan"," 603","Montague",N,N,"",11,0,"Phelan","","Wayne","Conservative","Conservateur",N,N,202
11001,"Cardigan","Cardigan"," 603","Montague",N,N,"",11,0,"Squires","","Christene","Christian Heritage Party","Parti de l'Héritage Chrétien",N,N,6
11001,"Cardigan","Cardigan"," 603","Montague",N,N,"",11,0,"Thiele","","Lynne","NDP-New Democratic Party","NPD-Nouveau Parti démocratique",N,N,23
11001,"Cardigan","Cardigan"," 604","Stratford",N,N,"",11,0,"Beaton","","Glen","Green Party","Parti Vert",N,N,87
11001,"Cardigan","Cardigan"," 604","Stratford",N,N,"",11,0,"MacAulay","","Lawrence","Liberal","Libéral",Y,Y,324
11001,"Cardigan","Cardigan"," 604","Stratford",N,N,"",11,0,"Phelan","","Wayne","Conservative","Conservateur",N,N,215
11001,"Cardigan","Cardigan"," 604","Stratford",N,N,"",11,0,"Squires","","Christene","Christian Heritage Party","Parti de l'Héritage Chrétien",N,N,8
11001,"Cardigan","Cardigan"," 604","Stratford",N,N,"",11,0,"Thiele","","Lynne","NDP-New Democratic Party","NPD-Nouveau Parti démocratique",N,N,24
11001,"Cardigan","Cardigan"," 605","Stratford",N,N,"",1,0,"Beaton","","Glen","Green Party","Parti Vert",N,N,146
11001,"Cardigan","Cardigan"," 605","Stratford",N,N,"",1,0,"MacAulay","","Lawrence","Liberal","Libéral",Y,Y,342
11001,"Cardigan","Cardigan"," 605","Stratford",N,N,"",1,0,"Phelan","","Wayne","Conservative","Conservateur",N,N,186
11001,"Cardigan","Cardigan"," 605","Stratford",N,N,"",1,0,"Squires","","Christene","Christian Heritage Party","Parti de l'Héritage Chrétien",N,N,9
11001,"Cardigan","Cardigan"," 605","Stratford",N,N,"",1,0,"Thiele","","Lynne","NDP-New Democratic Party","NPD-Nouveau Parti démocratique",N,N,52
11001,"Cardigan","Cardigan"," 606","Stratford Center",N,N,"",10,0,"Beaton","","Glen","Green Party","Parti Vert",N,N,150
11001,"Cardigan","Cardigan"," 606","Stratford Center",N,N,"",10,0,"MacAulay","","Lawrence","Liberal","Libéral",Y,Y,578
11001,"Cardigan","Cardigan"," 606","Stratford Center",N,N,"",10,0,"Phelan","","Wayne","Conservative","Conservateur",N,N,281
11001,"Cardigan","Cardigan"," 606","Stratford Center",N,N,"",10,0,"Squires","","Christene","Christian Heritage Party","Parti de l'Héritage Chrétien",N,N,5
11001,"Cardigan","Cardigan"," 606","Stratford Center",N,N,"",10,0,"Thiele","","Lynne","NDP-New Democratic Party","NPD-Nouveau Parti démocratique",N,N,72
11001,"Cardigan","Cardigan"," 607","Stratford Center",N,N,"",8,0,"Beaton","","Glen","Green Party","Parti Vert",N,N,125
11001,"Cardigan","Cardigan"," 607","Stratford Center",N,N,"",8,0,"MacAulay","","Lawrence","Liberal","Libéral",Y,Y,441
11001,"Cardigan","Cardigan"," 607","Stratford Center",N,N,"",8,0,"Phelan","","Wayne","Conservative","Conservateur",N,N,250
11001,"Cardigan","Cardigan"," 607","Stratford Center",N,N,"",8,0,"Squires","","Christene","Christian Heritage Party","Parti de l'Héritage Chrétien",N,N,5
11001,"Cardigan","Cardigan"," 607","Stratford Center",N,N,"",8,0,"Thiele","","Lynne","NDP-New Democratic Party","NPD-Nouveau Parti démocratique",N,N,45
11001,"Cardigan","Cardigan"," 608","Wood Islands",N,N,"",6,0,"Beaton","","Glen","Green Party","Parti Vert",N,N,88
11001,"Cardigan","Cardigan"," 608","Wood Islands",N,N,"",6,0,"MacAulay","","Lawrence","Liberal","Libéral",Y,Y,275
11001,"Cardigan","Cardigan"," 608","Wood Islands",N,N,"",6,0,"Phelan","","Wayne","Conservative","Conservateur",N,N,213
11001,"Cardigan","Cardigan"," 608","Wood Islands",N,N,"",6,0,"Squires","","Christene","Christian Heritage Party","Parti de l'Héritage Chrétien",N,N,6
11001,"Cardigan","Cardigan"," 608","Wood Islands",N,N,"",6,0,"Thiele","","Lynne","NDP-New Democratic Party","NPD-Nouveau Parti démocratique",N,N,41
11001,"Cardigan","Cardigan"," S/R 1","SVR Group 1/RÉS Groupe 1",N,N,"",2,52,"Beaton","","Glen","Green Party","Parti Vert",N,N,7
11001,"Cardigan","Cardigan"," S/R 1","SVR Group 1/RÉS Groupe 1",N,N,"",2,52,"MacAulay","","Lawrence","Liberal","Libéral",Y,Y,27
11001,"Cardigan","Cardigan"," S/R 1","SVR Group 1/RÉS Groupe 1",N,N,"",2,52,"Phelan","","Wayne","Conservative","Conservateur",N,N,9
11001,"Cardigan","Cardigan"," S/R 1","SVR Group 1/RÉS Groupe 1",N,N,"",2,52,"Squires","","Christene","Christian Heritage Party","Parti de l'Héritage Chrétien",N,N,1
11001,"Cardigan","Cardigan"," S/R 1","SVR Group 1/RÉS Groupe 1",N,N,"",2,52,"Thiele","","Lynne","NDP-New Democratic Party","NPD-Nouveau Parti démocratique",N,N,6
11001,"Cardigan","Cardigan"," S/R 2","SVR Group 2/RÉS Groupe 2",N,N,"",12,0,"Beaton","","Glen","Green Party","Parti Vert",N,N,121
11001,"Cardigan","Cardigan"," S/R 2","SVR Group 2/RÉS Groupe 2",N,N,"",12,0,"MacAulay","","Lawrence","Liberal","Libéral",Y,Y,363
11001,"Cardigan","Cardigan"," S/R 2","SVR Group 2/RÉS Groupe 2",N,N,"",12,0,"Phelan","","Wayne","Conservative","Conservateur",N,N,197
11001,"Cardigan","Cardigan"," S/R 2","SVR Group 2/RÉS Groupe 2",N,N,"",12,0,"Squires","","Christene","Christian Heritage Party","Parti de l'Héritage Chrétien",N,N,7
11001,"Cardigan","Cardigan"," S/R 2","SVR Group 2/RÉS Groupe 2",N,N,"",12,0,"Thiele","","Lynne","NDP-New Democratic Party","NPD-Nouveau Parti démocratique",N,N,44
