﻿Electoral District Number/Numéro de circonscription,Electoral District Name_English/Nom de circonscription_Anglais,Electoral District Name_French/Nom de circonscription_Français,Polling Station Number/Numéro du bureau de scrutin,Polling Station Name/Nom du bureau de scrutin,Void Poll Indicator/Indicateur de bureau supprimé,No Poll Held Indicator/Indicateur de bureau sans scrutin,Merge With/Fusionné avec,Rejected Ballots for Polling Station/Bulletins rejetés du bureau,Electors for Polling Station/Électeurs du bureau,Candidate’s Family Name/Nom de famille du candidat,Candidate’s Middle Name/Second prénom du candidat,Candidate’s First Name/Prénom du candidat,Political Affiliation Name_English/Appartenance politique_Anglais,Political Affiliation Name_French/Appartenance politique_Français,Incumbent Indicator/Indicateur_Candidat sortant,Elected Candidate Indicator/Indicateur du candidat élu,Candidate Poll Votes Count/Votes du candidat pour le bureau
11003,"Egmont","Egmont"," 1","Seacow Pond",N,N,"",0,357,"Clark","","Alex","Green Party","Parti Vert",N,N,4
11003,"Egmont","Egmont"," 1","Seacow Pond",N,N,"",0,357,"Dunn","","Sharon","NDP-New Democratic Party","NPD-Nouveau Parti démocratique",N,N,2
11003,"Egmont","Egmont"," 1","Seacow Pond",N,N,"",0,357,"McLellan","","Logan","Conservative","Conservateur",N,N,52
11003,"Egmont","Egmont"," 1","Seacow Pond",N,N,"",0,357,"Morrissey","","Bobby","Liberal","Libéral",Y,Y,101
11003,"Egmont","Egmont"," 2","Nail Pond",N,N,"",0,382,"Clark","","Alex","Green Party","Parti Vert",N,N,12
11003,"Egmont","Egmont"," 2","Nail Pond",N,N,"",0,382,"Dunn","","Sharon","NDP-New Democratic Party","NPD-Nouveau Parti démocratique",N,N,5
11003,"Egmont","Egmont"," 2","Nail Pond",N,N,"",0,382,"McLellan","","Logan","Conservative","Conservateur",N,N,62
11003,"Egmont","Egmont"," 2","Nail Pond",N,N,"",0,382,"Morrissey","","Bobby","Liberal","Libéral",Y,Y,70
11003,"Egmont","Egmont"," 3","Judes Point",N,N,"",2,302,"Clark","","Alex","Green Party","Parti Vert",N,N,6
11003,"Egmont","Egmont"," 3","Judes Point",N,N,"",2,302,"Dunn","","Sharon","NDP-New Democratic Party","NPD-Nouveau Parti démocratique",N,N,5
11003,"Egmont","Egmont"," 3","Judes Point",N,N,"",2,302,"McLellan","","Logan","Conservative","Conservateur",N,N,43
11003,"Egmont","Egmont"," 3","Judes Point",N,N,"",2,302,"Morrissey","","Bobby","Liberal","Libéral",Y,Y,48
11003,"Egmont","Egmont"," 4","Tignish Corner",N,N,"",1,345,"Clark","","Alex","Green Party","Parti Vert",N,N,3
11003,"Egmont","Egmont"," 4","Tignish Corner",N,N,"",1,345,"Dunn","","Sharon","NDP-New Democratic Party","NPD-Nouveau Parti démocratique",N,N,5
11003,"Egmont","Egmont"," 4","Tignish Corner",N,N,"",1,345,"McLellan","","Logan","Conservative","Conservateur",N,N,46
11003,"Egmont","Egmont"," 4","Tignish Corner",N,N,"",1,345,"Morrissey","","Bobby","Liberal","Libéral",Y,Y,51
11003,"Egmont","Egmont"," 5","Profits Corner",N,N,"",1,305,"Clark","","Alex","Green Party","Parti Vert",N,N,11
11003,"Egmont","Egmont"," 5","Profits Corner",N,N,"",1,305,"Dunn","","Sharon","NDP-New Democratic Party","NPD-Nouveau Parti démocratique",N,N,6
11003,"Egmont","Egmont"," 5","Profits Corner",N,N,"",1,305,"McLellan","","Logan","Conservative","Conservateur",N,N,61
11003,"Egmont","Egmont"," 5","Profits Corner",N,N,"",1,305,"Morrissey","","Bobby","Liberal","Libéral",Y,Y,46
11003,"Egmont","Egmont"," 6","Skinners Pond",N,N,"",3,335,"Clark","","Alex","Green Party","Parti Vert",N,N,15
11003,"Egmont","Egmont"," 6","Skinners Pond",N,N,"",3,335,"Dunn","","Sharon","NDP-New Democratic Party","NPD-Nouveau Parti démocratique",N,N,5
11003,"Egmont","Egmont"," 6","Skinners Pond",N,N,"",3,335,"McLellan","","Logan","Conservative","Conservateur",N,N,70
11003,"Egmont","Egmont"," 6","Skinners Pond",N,N,"",3,335,"Morrissey","","Bobby","Liberal","Libéral",Y,Y,59
11003,"Egmont","Egmont"," 7","St. Louis",N,N,"",3,317,"Clark","","Alex","Green Party","Parti Vert",N,N,20
11003,"Egmont","Egmont"," 7","St. Louis",N,N,"",3,317,"Dunn","","Sharon","NDP-New Democratic Party","NPD-Nouveau Parti démocratique",N,N,6
11003,"Egmont","Egmont"," 7","St. Louis",N,N,"",3,317,"McLellan","","Logan","Conservative","Conservateur",N,N,66
11003,"Egmont","Egmont"," 7","St. Louis",N,N,"",3,317,"Morrissey","","Bobby","Liberal","Libéral",Y,Y,68
11003,"Egmont","Egmont"," 8","St. Felix",N,N,"",6,384,"Clark","","Alex","Green Party","Parti Vert",N,N,14
11003,"Egmont","Egmont"," 8","St. Felix",N,N,"",6,384,"Dunn","","Sharon","NDP-New Democratic Party","NPD-Nouveau Parti démocratique",N,N,3
11003,"Egmont","Egmont"," 8","St. Felix",N,N,"",6,384,"McLellan","","Logan","Conservative","Conservateur",N,N,71
11003,"Egmont","Egmont"," 8","St. Felix",N,N,"",6,384,"Morrissey","","Bobby","Liberal","Libéral",Y,Y,78
11003,"Egmont","Egmont"," 9","Montrose",N,N,"",6,420,"Clark","","Alex","Green Party","Parti Vert",N,N,19
11003,"Egmont","Egmont"," 9","Montrose",N,N,"",6,420,"Dunn","","Sharon","NDP-New Democratic Party","NPD-Nouveau Parti démocratique",N,N,11
11003,"Egmont","Egmont"," 9","Montrose",N,N,"",6,420,"McLellan","","Logan","Conservative","Conservateur",N,N,105
11003,"Egmont","Egmont"," 9","Montrose",N,N,"",6,420,"Morrissey","","Bobby","Liberal","Libéral",Y,Y,78
11003,"Egmont","Egmont"," 10","Alberton East",N,N,"",6,444,"Clark","","Alex","Green Party","Parti Vert",N,N,20
11003,"Egmont","Egmont"," 10","Alberton East",N,N,"",6,444,"Dunn","","Sharon","NDP-New Democratic Party","NPD-Nouveau Parti démocratique",N,N,3
11003,"Egmont","Egmont"," 10","Alberton East",N,N,"",6,444,"McLellan","","Logan","Conservative","Conservateur",N,N,81
11003,"Egmont","Egmont"," 10","Alberton East",N,N,"",6,444,"Morrissey","","Bobby","Liberal","Libéral",Y,Y,62
11003,"Egmont","Egmont"," 11","Alberton West",N,N,"",3,336,"Clark","","Alex","Green Party","Parti Vert",N,N,12
11003,"Egmont","Egmont"," 11","Alberton West",N,N,"",3,336,"Dunn","","Sharon","NDP-New Democratic Party","NPD-Nouveau Parti démocratique",N,N,10
11003,"Egmont","Egmont"," 11","Alberton West",N,N,"",3,336,"McLellan","","Logan","Conservative","Conservateur",N,N,51
11003,"Egmont","Egmont"," 11","Alberton West",N,N,"",3,336,"Morrissey","","Bobby","Liberal","Libéral",Y,Y,46
11003,"Egmont","Egmont"," 12","Northport",N,N,"",5,433,"Clark","","Alex","Green Party","Parti Vert",N,N,19
11003,"Egmont","Egmont"," 12","Northport",N,N,"",5,433,"Dunn","","Sharon","NDP-New Democratic Party","NPD-Nouveau Parti démocratique",N,N,6
11003,"Egmont","Egmont"," 12","Northport",N,N,"",5,433,"McLellan","","Logan","Conservative","Conservateur",N,N,69
11003,"Egmont","Egmont"," 12","Northport",N,N,"",5,433,"Morrissey","","Bobby","Liberal","Libéral",Y,Y,71
11003,"Egmont","Egmont"," 13","Ebbsfleet",N,N,"",3,338,"Clark","","Alex","Green Party","Parti Vert",N,N,22
11003,"Egmont","Egmont"," 13","Ebbsfleet",N,N,"",3,338,"Dunn","","Sharon","NDP-New Democratic Party","NPD-Nouveau Parti démocratique",N,N,5
11003,"Egmont","Egmont"," 13","Ebbsfleet",N,N,"",3,338,"McLellan","","Logan","Conservative","Conservateur",N,N,72
11003,"Egmont","Egmont"," 13","Ebbsfleet",N,N,"",3,338,"Morrissey","","Bobby","Liberal","Libéral",Y,Y,80
11003,"Egmont","Egmont"," 14","St. Lawrence",N,N,"",3,312,"Clark","","Alex","Green Party","Parti Vert",N,N,24
11003,"Egmont","Egmont"," 14","St. Lawrence",N,N,"",3,312,"Dunn","","Sharon","NDP-New Democratic Party","NPD-Nouveau Parti démocratique",N,N,22
11003,"Egmont","Egmont"," 14","St. Lawrence",N,N,"",3,312,"McLellan","","Logan","Conservative","Conservateur",N,N,96
11003,"Egmont","Egmont"," 14","St. Lawrence",N,N,"",3,312,"Morrissey","","Bobby","Liberal","Libéral",Y,Y,64
11003,"Egmont","Egmont"," 15","Alma",N,N,"",1,390,"Clark","","Alex","Green Party","Parti Vert",N,N,18
11003,"Egmont","Egmont"," 15","Alma",N,N,"",1,390,"Dunn","","Sharon","NDP-New Democratic Party","NPD-Nouveau Parti démocratique",N,N,10
11003,"Egmont","Egmont"," 15","Alma",N,N,"",1,390,"McLellan","","Logan","Conservative","Conservateur",N,N,85
11003,"Egmont","Egmont"," 15","Alma",N,N,"",1,390,"Morrissey","","Bobby","Liberal","Libéral",Y,Y,81
11003,"Egmont","Egmont"," 16","Brockton",N,N,"",4,314,"Clark","","Alex","Green Party","Parti Vert",N,N,21
11003,"Egmont","Egmont"," 16","Brockton",N,N,"",4,314,"Dunn","","Sharon","NDP-New Democratic Party","NPD-Nouveau Parti démocratique",N,N,7
11003,"Egmont","Egmont"," 16","Brockton",N,N,"",4,314,"McLellan","","Logan","Conservative","Conservateur",N,N,86
11003,"Egmont","Egmont"," 16","Brockton",N,N,"",4,314,"Morrissey","","Bobby","Liberal","Libéral",Y,Y,49
11003,"Egmont","Egmont"," 17","Mill River",N,N,"",0,474,"Clark","","Alex","Green Party","Parti Vert",N,N,22
11003,"Egmont","Egmont"," 17","Mill River",N,N,"",0,474,"Dunn","","Sharon","NDP-New Democratic Party","NPD-Nouveau Parti démocratique",N,N,16
11003,"Egmont","Egmont"," 17","Mill River",N,N,"",0,474,"McLellan","","Logan","Conservative","Conservateur",N,N,114
11003,"Egmont","Egmont"," 17","Mill River",N,N,"",0,474,"Morrissey","","Bobby","Liberal","Libéral",Y,Y,62
11003,"Egmont","Egmont"," 18","Rosebank",N,N,"",4,275,"Clark","","Alex","Green Party","Parti Vert",N,N,9
11003,"Egmont","Egmont"," 18","Rosebank",N,N,"",4,275,"Dunn","","Sharon","NDP-New Democratic Party","NPD-Nouveau Parti démocratique",N,N,9
11003,"Egmont","Egmont"," 18","Rosebank",N,N,"",4,275,"McLellan","","Logan","Conservative","Conservateur",N,N,67
11003,"Egmont","Egmont"," 18","Rosebank",N,N,"",4,275,"Morrissey","","Bobby","Liberal","Libéral",Y,Y,19
11003,"Egmont","Egmont"," 19","Cascumpec",N,N,"",2,419,"Clark","","Alex","Green Party","Parti Vert",N,N,19
11003,"Egmont","Egmont"," 19","Cascumpec",N,N,"",2,419,"Dunn","","Sharon","NDP-New Democratic Party","NPD-Nouveau Parti démocratique",N,N,12
11003,"Egmont","Egmont"," 19","Cascumpec",N,N,"",2,419,"McLellan","","Logan","Conservative","Conservateur",N,N,98
11003,"Egmont","Egmont"," 19","Cascumpec",N,N,"",2,419,"Morrissey","","Bobby","Liberal","Libéral",Y,Y,51
11003,"Egmont","Egmont"," 20","Conway",N,N,"",5,425,"Clark","","Alex","Green Party","Parti Vert",N,N,28
11003,"Egmont","Egmont"," 20","Conway",N,N,"",5,425,"Dunn","","Sharon","NDP-New Democratic Party","NPD-Nouveau Parti démocratique",N,N,27
11003,"Egmont","Egmont"," 20","Conway",N,N,"",5,425,"McLellan","","Logan","Conservative","Conservateur",N,N,80
11003,"Egmont","Egmont"," 20","Conway",N,N,"",5,425,"Morrissey","","Bobby","Liberal","Libéral",Y,Y,86
11003,"Egmont","Egmont"," 21","Lennox Island",N,N,"",1,250,"Clark","","Alex","Green Party","Parti Vert",N,N,22
11003,"Egmont","Egmont"," 21","Lennox Island",N,N,"",1,250,"Dunn","","Sharon","NDP-New Democratic Party","NPD-Nouveau Parti démocratique",N,N,27
11003,"Egmont","Egmont"," 21","Lennox Island",N,N,"",1,250,"McLellan","","Logan","Conservative","Conservateur",N,N,11
11003,"Egmont","Egmont"," 21","Lennox Island",N,N,"",1,250,"Morrissey","","Bobby","Liberal","Libéral",Y,Y,67
11003,"Egmont","Egmont"," 22","East Bideford",N,N,"",7,411,"Clark","","Alex","Green Party","Parti Vert",N,N,34
11003,"Egmont","Egmont"," 22","East Bideford",N,N,"",7,411,"Dunn","","Sharon","NDP-New Democratic Party","NPD-Nouveau Parti démocratique",N,N,22
11003,"Egmont","Egmont"," 22","East Bideford",N,N,"",7,411,"McLellan","","Logan","Conservative","Conservateur",N,N,67
11003,"Egmont","Egmont"," 22","East Bideford",N,N,"",7,411,"Morrissey","","Bobby","Liberal","Libéral",Y,Y,85
11003,"Egmont","Egmont"," 23","Howlan",N,N,"",0,343,"Clark","","Alex","Green Party","Parti Vert",N,N,23
11003,"Egmont","Egmont"," 23","Howlan",N,N,"",0,343,"Dunn","","Sharon","NDP-New Democratic Party","NPD-Nouveau Parti démocratique",N,N,10
11003,"Egmont","Egmont"," 23","Howlan",N,N,"",0,343,"McLellan","","Logan","Conservative","Conservateur",N,N,73
11003,"Egmont","Egmont"," 23","Howlan",N,N,"",0,343,"Morrissey","","Bobby","Liberal","Libéral",Y,Y,49
11003,"Egmont","Egmont"," 24","Glengarry",N,N,"",0,385,"Clark","","Alex","Green Party","Parti Vert",N,N,17
11003,"Egmont","Egmont"," 24","Glengarry",N,N,"",0,385,"Dunn","","Sharon","NDP-New Democratic Party","NPD-Nouveau Parti démocratique",N,N,16
11003,"Egmont","Egmont"," 24","Glengarry",N,N,"",0,385,"McLellan","","Logan","Conservative","Conservateur",N,N,88
11003,"Egmont","Egmont"," 24","Glengarry",N,N,"",0,385,"Morrissey","","Bobby","Liberal","Libéral",Y,Y,67
11003,"Egmont","Egmont"," 25","O'Leary North",N,N,"",2,395,"Clark","","Alex","Green Party","Parti Vert",N,N,14
11003,"Egmont","Egmont"," 25","O'Leary North",N,N,"",2,395,"Dunn","","Sharon","NDP-New Democratic Party","NPD-Nouveau Parti démocratique",N,N,14
11003,"Egmont","Egmont"," 25","O'Leary North",N,N,"",2,395,"McLellan","","Logan","Conservative","Conservateur",N,N,89
11003,"Egmont","Egmont"," 25","O'Leary North",N,N,"",2,395,"Morrissey","","Bobby","Liberal","Libéral",Y,Y,70
11003,"Egmont","Egmont"," 26","Coleman",N,N,"",2,284,"Clark","","Alex","Green Party","Parti Vert",N,N,13
11003,"Egmont","Egmont"," 26","Coleman",N,N,"",2,284,"Dunn","","Sharon","NDP-New Democratic Party","NPD-Nouveau Parti démocratique",N,N,8
11003,"Egmont","Egmont"," 26","Coleman",N,N,"",2,284,"McLellan","","Logan","Conservative","Conservateur",N,N,73
11003,"Egmont","Egmont"," 26","Coleman",N,N,"",2,284,"Morrissey","","Bobby","Liberal","Libéral",Y,Y,29
11003,"Egmont","Egmont"," 27","O'Leary South",N,N,"",0,308,"Clark","","Alex","Green Party","Parti Vert",N,N,16
11003,"Egmont","Egmont"," 27","O'Leary South",N,N,"",0,308,"Dunn","","Sharon","NDP-New Democratic Party","NPD-Nouveau Parti démocratique",N,N,9
11003,"Egmont","Egmont"," 27","O'Leary South",N,N,"",0,308,"McLellan","","Logan","Conservative","Conservateur",N,N,64
11003,"Egmont","Egmont"," 27","O'Leary South",N,N,"",0,308,"Morrissey","","Bobby","Liberal","Libéral",Y,Y,49
11003,"Egmont","Egmont"," 28","Portage",N,N,"",1,363,"Clark","","Alex","Green Party","Parti Vert",N,N,10
11003,"Egmont","Egmont"," 28","Portage",N,N,"",1,363,"Dunn","","Sharon","NDP-New Democratic Party","NPD-Nouveau Parti démocratique",N,N,21
11003,"Egmont","Egmont"," 28","Portage",N,N,"",1,363,"McLellan","","Logan","Conservative","Conservateur",N,N,75
11003,"Egmont","Egmont"," 28","Portage",N,N,"",1,363,"Morrissey","","Bobby","Liberal","Libéral",Y,Y,55
11003,"Egmont","Egmont"," 29","Port Hill",N,N,"",0,483,"Clark","","Alex","Green Party","Parti Vert",N,N,40
11003,"Egmont","Egmont"," 29","Port Hill",N,N,"",0,483,"Dunn","","Sharon","NDP-New Democratic Party","NPD-Nouveau Parti démocratique",N,N,12
11003,"Egmont","Egmont"," 29","Port Hill",N,N,"",0,483,"McLellan","","Logan","Conservative","Conservateur",N,N,71
11003,"Egmont","Egmont"," 29","Port Hill",N,N,"",0,483,"Morrissey","","Bobby","Liberal","Libéral",Y,Y,98
11003,"Egmont","Egmont"," 30","Enmore",N,N,"",3,442,"Clark","","Alex","Green Party","Parti Vert",N,N,18
11003,"Egmont","Egmont"," 30","Enmore",N,N,"",3,442,"Dunn","","Sharon","NDP-New Democratic Party","NPD-Nouveau Parti démocratique",N,N,21
11003,"Egmont","Egmont"," 30","Enmore",N,N,"",3,442,"McLellan","","Logan","Conservative","Conservateur",N,N,61
11003,"Egmont","Egmont"," 30","Enmore",N,N,"",3,442,"Morrissey","","Bobby","Liberal","Libéral",Y,Y,78
11003,"Egmont","Egmont"," 31","Birch Hill",N,N,"",5,250,"Clark","","Alex","Green Party","Parti Vert",N,N,36
11003,"Egmont","Egmont"," 31","Birch Hill",N,N,"",5,250,"Dunn","","Sharon","NDP-New Democratic Party","NPD-Nouveau Parti démocratique",N,N,8
11003,"Egmont","Egmont"," 31","Birch Hill",N,N,"",5,250,"McLellan","","Logan","Conservative","Conservateur",N,N,45
11003,"Egmont","Egmont"," 31","Birch Hill",N,N,"",5,250,"Morrissey","","Bobby","Liberal","Libéral",Y,Y,62
11003,"Egmont","Egmont"," 32","Cross River",N,N,"",1,280,"Clark","","Alex","Green Party","Parti Vert",N,N,16
11003,"Egmont","Egmont"," 32","Cross River",N,N,"",1,280,"Dunn","","Sharon","NDP-New Democratic Party","NPD-Nouveau Parti démocratique",N,N,8
11003,"Egmont","Egmont"," 32","Cross River",N,N,"",1,280,"McLellan","","Logan","Conservative","Conservateur",N,N,48
11003,"Egmont","Egmont"," 32","Cross River",N,N,"",1,280,"Morrissey","","Bobby","Liberal","Libéral",Y,Y,66
11003,"Egmont","Egmont"," 33","Hebron",N,N,"",0,248,"Clark","","Alex","Green Party","Parti Vert",N,N,5
11003,"Egmont","Egmont"," 33","Hebron",N,N,"",0,248,"Dunn","","Sharon","NDP-New Democratic Party","NPD-Nouveau Parti démocratique",N,N,12
11003,"Egmont","Egmont"," 33","Hebron",N,N,"",0,248,"McLellan","","Logan","Conservative","Conservateur",N,N,48
11003,"Egmont","Egmont"," 33","Hebron",N,N,"",0,248,"Morrissey","","Bobby","Liberal","Libéral",Y,Y,22
11003,"Egmont","Egmont"," 34","West Cape",N,N,"",3,314,"Clark","","Alex","Green Party","Parti Vert",N,N,13
11003,"Egmont","Egmont"," 34","West Cape",N,N,"",3,314,"Dunn","","Sharon","NDP-New Democratic Party","NPD-Nouveau Parti démocratique",N,N,10
11003,"Egmont","Egmont"," 34","West Cape",N,N,"",3,314,"McLellan","","Logan","Conservative","Conservateur",N,N,92
11003,"Egmont","Egmont"," 34","West Cape",N,N,"",3,314,"Morrissey","","Bobby","Liberal","Libéral",Y,Y,62
11003,"Egmont","Egmont"," 35","Central Lot 16",N,N,"",6,341,"Clark","","Alex","Green Party","Parti Vert",N,N,44
11003,"Egmont","Egmont"," 35","Central Lot 16",N,N,"",6,341,"Dunn","","Sharon","NDP-New Democratic Party","NPD-Nouveau Parti démocratique",N,N,20
11003,"Egmont","Egmont"," 35","Central Lot 16",N,N,"",6,341,"McLellan","","Logan","Conservative","Conservateur",N,N,65
11003,"Egmont","Egmont"," 35","Central Lot 16",N,N,"",6,341,"Morrissey","","Bobby","Liberal","Libéral",Y,Y,80
11003,"Egmont","Egmont"," 36","Slemon Park",N,N,"",0,305,"Clark","","Alex","Green Party","Parti Vert",N,N,51
11003,"Egmont","Egmont"," 36","Slemon Park",N,N,"",0,305,"Dunn","","Sharon","NDP-New Democratic Party","NPD-Nouveau Parti démocratique",N,N,18
11003,"Egmont","Egmont"," 36","Slemon Park",N,N,"",0,305,"McLellan","","Logan","Conservative","Conservateur",N,N,48
11003,"Egmont","Egmont"," 36","Slemon Park",N,N,"",0,305,"Morrissey","","Bobby","Liberal","Libéral",Y,Y,36
11003,"Egmont","Egmont"," 37","Slemon Park",N,N,"",0,214,"Clark","","Alex","Green Party","Parti Vert",N,N,17
11003,"Egmont","Egmont"," 37","Slemon Park",N,N,"",0,214,"Dunn","","Sharon","NDP-New Democratic Party","NPD-Nouveau Parti démocratique",N,N,14
11003,"Egmont","Egmont"," 37","Slemon Park",N,N,"",0,214,"McLellan","","Logan","Conservative","Conservateur",N,N,40
11003,"Egmont","Egmont"," 37","Slemon Park",N,N,"",0,214,"Morrissey","","Bobby","Liberal","Libéral",Y,Y,33
11003,"Egmont","Egmont"," 38","Sherbrooke",N,N,"",1,368,"Clark","","Alex","Green Party","Parti Vert",N,N,42
11003,"Egmont","Egmont"," 38","Sherbrooke",N,N,"",1,368,"Dunn","","Sharon","NDP-New Democratic Party","NPD-Nouveau Parti démocratique",N,N,11
11003,"Egmont","Egmont"," 38","Sherbrooke",N,N,"",1,368,"McLellan","","Logan","Conservative","Conservateur",N,N,45
11003,"Egmont","Egmont"," 38","Sherbrooke",N,N,"",1,368,"Morrissey","","Bobby","Liberal","Libéral",Y,Y,49
11003,"Egmont","Egmont"," 39","Summerside",N,N,"",0,425,"Clark","","Alex","Green Party","Parti Vert",N,N,41
11003,"Egmont","Egmont"," 39","Summerside",N,N,"",0,425,"Dunn","","Sharon","NDP-New Democratic Party","NPD-Nouveau Parti démocratique",N,N,13
11003,"Egmont","Egmont"," 39","Summerside",N,N,"",0,425,"McLellan","","Logan","Conservative","Conservateur",N,N,31
11003,"Egmont","Egmont"," 39","Summerside",N,N,"",0,425,"Morrissey","","Bobby","Liberal","Libéral",Y,Y,61
11003,"Egmont","Egmont"," 40","Summerside",N,N,"",0,351,"Clark","","Alex","Green Party","Parti Vert",N,N,36
11003,"Egmont","Egmont"," 40","Summerside",N,N,"",0,351,"Dunn","","Sharon","NDP-New Democratic Party","NPD-Nouveau Parti démocratique",N,N,10
11003,"Egmont","Egmont"," 40","Summerside",N,N,"",0,351,"McLellan","","Logan","Conservative","Conservateur",N,N,23
11003,"Egmont","Egmont"," 40","Summerside",N,N,"",0,351,"Morrissey","","Bobby","Liberal","Libéral",Y,Y,37
11003,"Egmont","Egmont"," 41","Summerside",N,N,"",2,454,"Clark","","Alex","Green Party","Parti Vert",N,N,42
11003,"Egmont","Egmont"," 41","Summerside",N,N,"",2,454,"Dunn","","Sharon","NDP-New Democratic Party","NPD-Nouveau Parti démocratique",N,N,9
11003,"Egmont","Egmont"," 41","Summerside",N,N,"",2,454,"McLellan","","Logan","Conservative","Conservateur",N,N,52
11003,"Egmont","Egmont"," 41","Summerside",N,N,"",2,454,"Morrissey","","Bobby","Liberal","Libéral",Y,Y,71
11003,"Egmont","Egmont"," 42","Summerside",N,N,"",2,382,"Clark","","Alex","Green Party","Parti Vert",N,N,45
11003,"Egmont","Egmont"," 42","Summerside",N,N,"",2,382,"Dunn","","Sharon","NDP-New Democratic Party","NPD-Nouveau Parti démocratique",N,N,13
11003,"Egmont","Egmont"," 42","Summerside",N,N,"",2,382,"McLellan","","Logan","Conservative","Conservateur",N,N,65
11003,"Egmont","Egmont"," 42","Summerside",N,N,"",2,382,"Morrissey","","Bobby","Liberal","Libéral",Y,Y,60
11003,"Egmont","Egmont"," 43","Summerside",N,N,"",1,280,"Clark","","Alex","Green Party","Parti Vert",N,N,32
11003,"Egmont","Egmont"," 43","Summerside",N,N,"",1,280,"Dunn","","Sharon","NDP-New Democratic Party","NPD-Nouveau Parti démocratique",N,N,9
11003,"Egmont","Egmont"," 43","Summerside",N,N,"",1,280,"McLellan","","Logan","Conservative","Conservateur",N,N,37
11003,"Egmont","Egmont"," 43","Summerside",N,N,"",1,280,"Morrissey","","Bobby","Liberal","Libéral",Y,Y,35
11003,"Egmont","Egmont"," 44","Summerside",N,N,"",0,359,"Clark","","Alex","Green Party","Parti Vert",N,N,31
11003,"Egmont","Egmont"," 44","Summerside",N,N,"",0,359,"Dunn","","Sharon","NDP-New Democratic Party","NPD-Nouveau Parti démocratique",N,N,7
11003,"Egmont","Egmont"," 44","Summerside",N,N,"",0,359,"McLellan","","Logan","Conservative","Conservateur",N,N,39
11003,"Egmont","Egmont"," 44","Summerside",N,N,"",0,359,"Morrissey","","Bobby","Liberal","Libéral",Y,Y,44
11003,"Egmont","Egmont"," 45","Summerside",N,N,"",6,426,"Clark","","Alex","Green Party","Parti Vert",N,N,70
11003,"Egmont","Egmont"," 45","Summerside",N,N,"",6,426,"Dunn","","Sharon","NDP-New Democratic Party","NPD-Nouveau Parti démocratique",N,N,15
11003,"Egmont","Egmont"," 45","Summerside",N,N,"",6,426,"McLellan","","Logan","Conservative","Conservateur",N,N,71
11003,"Egmont","Egmont"," 45","Summerside",N,N,"",6,426,"Morrissey","","Bobby","Liberal","Libéral",Y,Y,65
11003,"Egmont","Egmont"," 46","Summerside",N,N,"",1,369,"Clark","","Alex","Green Party","Parti Vert",N,N,44
11003,"Egmont","Egmont"," 46","Summerside",N,N,"",1,369,"Dunn","","Sharon","NDP-New Democratic Party","NPD-Nouveau Parti démocratique",N,N,6
11003,"Egmont","Egmont"," 46","Summerside",N,N,"",1,369,"McLellan","","Logan","Conservative","Conservateur",N,N,51
11003,"Egmont","Egmont"," 46","Summerside",N,N,"",1,369,"Morrissey","","Bobby","Liberal","Libéral",Y,Y,62
11003,"Egmont","Egmont"," 47","Summerside",N,N,"",6,351,"Clark","","Alex","Green Party","Parti Vert",N,N,45
11003,"Egmont","Egmont"," 47","Summerside",N,N,"",6,351,"Dunn","","Sharon","NDP-New Democratic Party","NPD-Nouveau Parti démocratique",N,N,13
11003,"Egmont","Egmont"," 47","Summerside",N,N,"",6,351,"McLellan","","Logan","Conservative","Conservateur",N,N,49
11003,"Egmont","Egmont"," 47","Summerside",N,N,"",6,351,"Morrissey","","Bobby","Liberal","Libéral",Y,Y,65
11003,"Egmont","Egmont"," 48","Summerside",N,N,"",5,378,"Clark","","Alex","Green Party","Parti Vert",N,N,55
11003,"Egmont","Egmont"," 48","Summerside",N,N,"",5,378,"Dunn","","Sharon","NDP-New Democratic Party","NPD-Nouveau Parti démocratique",N,N,9
11003,"Egmont","Egmont"," 48","Summerside",N,N,"",5,378,"McLellan","","Logan","Conservative","Conservateur",N,N,36
11003,"Egmont","Egmont"," 48","Summerside",N,N,"",5,378,"Morrissey","","Bobby","Liberal","Libéral",Y,Y,80
11003,"Egmont","Egmont"," 49","Summerside",N,N,"",1,406,"Clark","","Alex","Green Party","Parti Vert",N,N,60
11003,"Egmont","Egmont"," 49","Summerside",N,N,"",1,406,"Dunn","","Sharon","NDP-New Democratic Party","NPD-Nouveau Parti démocratique",N,N,14
11003,"Egmont","Egmont"," 49","Summerside",N,N,"",1,406,"McLellan","","Logan","Conservative","Conservateur",N,N,46
11003,"Egmont","Egmont"," 49","Summerside",N,N,"",1,406,"Morrissey","","Bobby","Liberal","Libéral",Y,Y,104
11003,"Egmont","Egmont"," 50","Summerside",N,N,"",2,378,"Clark","","Alex","Green Party","Parti Vert",N,N,48
11003,"Egmont","Egmont"," 50","Summerside",N,N,"",2,378,"Dunn","","Sharon","NDP-New Democratic Party","NPD-Nouveau Parti démocratique",N,N,8
11003,"Egmont","Egmont"," 50","Summerside",N,N,"",2,378,"McLellan","","Logan","Conservative","Conservateur",N,N,32
11003,"Egmont","Egmont"," 50","Summerside",N,N,"",2,378,"Morrissey","","Bobby","Liberal","Libéral",Y,Y,65
11003,"Egmont","Egmont"," 51","Summerside",N,N,"",9,348,"Clark","","Alex","Green Party","Parti Vert",N,N,39
11003,"Egmont","Egmont"," 51","Summerside",N,N,"",9,348,"Dunn","","Sharon","NDP-New Democratic Party","NPD-Nouveau Parti démocratique",N,N,7
11003,"Egmont","Egmont"," 51","Summerside",N,N,"",9,348,"McLellan","","Logan","Conservative","Conservateur",N,N,57
11003,"Egmont","Egmont"," 51","Summerside",N,N,"",9,348,"Morrissey","","Bobby","Liberal","Libéral",Y,Y,63
11003,"Egmont","Egmont"," 52","Summerside",N,N,"",4,333,"Clark","","Alex","Green Party","Parti Vert",N,N,42
11003,"Egmont","Egmont"," 52","Summerside",N,N,"",4,333,"Dunn","","Sharon","NDP-New Democratic Party","NPD-Nouveau Parti démocratique",N,N,9
11003,"Egmont","Egmont"," 52","Summerside",N,N,"",4,333,"McLellan","","Logan","Conservative","Conservateur",N,N,41
11003,"Egmont","Egmont"," 52","Summerside",N,N,"",4,333,"Morrissey","","Bobby","Liberal","Libéral",Y,Y,55
11003,"Egmont","Egmont"," 53","Summerside",N,N,"",0,419,"Clark","","Alex","Green Party","Parti Vert",N,N,29
11003,"Egmont","Egmont"," 53","Summerside",N,N,"",0,419,"Dunn","","Sharon","NDP-New Democratic Party","NPD-Nouveau Parti démocratique",N,N,9
11003,"Egmont","Egmont"," 53","Summerside",N,N,"",0,419,"McLellan","","Logan","Conservative","Conservateur",N,N,27
11003,"Egmont","Egmont"," 53","Summerside",N,N,"",0,419,"Morrissey","","Bobby","Liberal","Libéral",Y,Y,44
11003,"Egmont","Egmont"," 54","Summerside",N,N,"",0,428,"Clark","","Alex","Green Party","Parti Vert",N,N,40
11003,"Egmont","Egmont"," 54","Summerside",N,N,"",0,428,"Dunn","","Sharon","NDP-New Democratic Party","NPD-Nouveau Parti démocratique",N,N,7
11003,"Egmont","Egmont"," 54","Summerside",N,N,"",0,428,"McLellan","","Logan","Conservative","Conservateur",N,N,45
11003,"Egmont","Egmont"," 54","Summerside",N,N,"",0,428,"Morrissey","","Bobby","Liberal","Libéral",Y,Y,42
11003,"Egmont","Egmont"," 55","Summerside",N,N,"",0,411,"Clark","","Alex","Green Party","Parti Vert",N,N,39
11003,"Egmont","Egmont"," 55","Summerside",N,N,"",0,411,"Dunn","","Sharon","NDP-New Democratic Party","NPD-Nouveau Parti démocratique",N,N,9
11003,"Egmont","Egmont"," 55","Summerside",N,N,"",0,411,"McLellan","","Logan","Conservative","Conservateur",N,N,54
11003,"Egmont","Egmont"," 55","Summerside",N,N,"",0,411,"Morrissey","","Bobby","Liberal","Libéral",Y,Y,49
11003,"Egmont","Egmont"," 56","Summerside",N,N,"",0,513,"Clark","","Alex","Green Party","Parti Vert",N,N,46
11003,"Egmont","Egmont"," 56","Summerside",N,N,"",0,513,"Dunn","","Sharon","NDP-New Democratic Party","NPD-Nouveau Parti démocratique",N,N,4
11003,"Egmont","Egmont"," 56","Summerside",N,N,"",0,513,"McLellan","","Logan","Conservative","Conservateur",N,N,44
11003,"Egmont","Egmont"," 56","Summerside",N,N,"",0,513,"Morrissey","","Bobby","Liberal","Libéral",Y,Y,52
11003,"Egmont","Egmont"," 57","Summerside",N,N,"",0,355,"Clark","","Alex","Green Party","Parti Vert",N,N,35
11003,"Egmont","Egmont"," 57","Summerside",N,N,"",0,355,"Dunn","","Sharon","NDP-New Democratic Party","NPD-Nouveau Parti démocratique",N,N,9
11003,"Egmont","Egmont"," 57","Summerside",N,N,"",0,355,"McLellan","","Logan","Conservative","Conservateur",N,N,43
11003,"Egmont","Egmont"," 57","Summerside",N,N,"",0,355,"Morrissey","","Bobby","Liberal","Libéral",Y,Y,42
11003,"Egmont","Egmont"," 58","Summerside",N,N,"",1,337,"Clark","","Alex","Green Party","Parti Vert",N,N,38
11003,"Egmont","Egmont"," 58","Summerside",N,N,"",1,337,"Dunn","","Sharon","NDP-New Democratic Party","NPD-Nouveau Parti démocratique",N,N,12
11003,"Egmont","Egmont"," 58","Summerside",N,N,"",1,337,"McLellan","","Logan","Conservative","Conservateur",N,N,30
11003,"Egmont","Egmont"," 58","Summerside",N,N,"",1,337,"Morrissey","","Bobby","Liberal","Libéral",Y,Y,44
11003,"Egmont","Egmont"," 59","Summerside",N,N,"",0,413,"Clark","","Alex","Green Party","Parti Vert",N,N,67
11003,"Egmont","Egmont"," 59","Summerside",N,N,"",0,413,"Dunn","","Sharon","NDP-New Democratic Party","NPD-Nouveau Parti démocratique",N,N,15
11003,"Egmont","Egmont"," 59","Summerside",N,N,"",0,413,"McLellan","","Logan","Conservative","Conservateur",N,N,47
11003,"Egmont","Egmont"," 59","Summerside",N,N,"",0,413,"Morrissey","","Bobby","Liberal","Libéral",Y,Y,59
11003,"Egmont","Egmont"," 60","Summerside",N,N,"",0,366,"Clark","","Alex","Green Party","Parti Vert",N,N,41
11003,"Egmont","Egmont"," 60","Summerside",N,N,"",0,366,"Dunn","","Sharon","NDP-New Democratic Party","NPD-Nouveau Parti démocratique",N,N,11
11003,"Egmont","Egmont"," 60","Summerside",N,N,"",0,366,"McLellan","","Logan","Conservative","Conservateur",N,N,35
11003,"Egmont","Egmont"," 60","Summerside",N,N,"",0,366,"Morrissey","","Bobby","Liberal","Libéral",Y,Y,63
11003,"Egmont","Egmont"," 61","Miscouche North",N,N,"",5,468,"Clark","","Alex","Green Party","Parti Vert",N,N,55
11003,"Egmont","Egmont"," 61","Miscouche North",N,N,"",5,468,"Dunn","","Sharon","NDP-New Democratic Party","NPD-Nouveau Parti démocratique",N,N,11
11003,"Egmont","Egmont"," 61","Miscouche North",N,N,"",5,468,"McLellan","","Logan","Conservative","Conservateur",N,N,68
11003,"Egmont","Egmont"," 61","Miscouche North",N,N,"",5,468,"Morrissey","","Bobby","Liberal","Libéral",Y,Y,83
11003,"Egmont","Egmont"," 62","Miscouche South",N,N,"",0,409,"Clark","","Alex","Green Party","Parti Vert",N,N,54
11003,"Egmont","Egmont"," 62","Miscouche South",N,N,"",0,409,"Dunn","","Sharon","NDP-New Democratic Party","NPD-Nouveau Parti démocratique",N,N,11
11003,"Egmont","Egmont"," 62","Miscouche South",N,N,"",0,409,"McLellan","","Logan","Conservative","Conservateur",N,N,72
11003,"Egmont","Egmont"," 62","Miscouche South",N,N,"",0,409,"Morrissey","","Bobby","Liberal","Libéral",Y,Y,66
11003,"Egmont","Egmont"," 63","Summerside",N,N,"",2,448,"Clark","","Alex","Green Party","Parti Vert",N,N,63
11003,"Egmont","Egmont"," 63","Summerside",N,N,"",2,448,"Dunn","","Sharon","NDP-New Democratic Party","NPD-Nouveau Parti démocratique",N,N,10
11003,"Egmont","Egmont"," 63","Summerside",N,N,"",2,448,"McLellan","","Logan","Conservative","Conservateur",N,N,69
11003,"Egmont","Egmont"," 63","Summerside",N,N,"",2,448,"Morrissey","","Bobby","Liberal","Libéral",Y,Y,84
11003,"Egmont","Egmont"," 64","Summerside",N,N,"",0,372,"Clark","","Alex","Green Party","Parti Vert",N,N,32
11003,"Egmont","Egmont"," 64","Summerside",N,N,"",0,372,"Dunn","","Sharon","NDP-New Democratic Party","NPD-Nouveau Parti démocratique",N,N,9
11003,"Egmont","Egmont"," 64","Summerside",N,N,"",0,372,"McLellan","","Logan","Conservative","Conservateur",N,N,40
11003,"Egmont","Egmont"," 64","Summerside",N,N,"",0,372,"Morrissey","","Bobby","Liberal","Libéral",Y,Y,52
11003,"Egmont","Egmont"," 65","Summerside",N,N,"",0,347,"Clark","","Alex","Green Party","Parti Vert",N,N,24
11003,"Egmont","Egmont"," 65","Summerside",N,N,"",0,347,"Dunn","","Sharon","NDP-New Democratic Party","NPD-Nouveau Parti démocratique",N,N,6
11003,"Egmont","Egmont"," 65","Summerside",N,N,"",0,347,"McLellan","","Logan","Conservative","Conservateur",N,N,30
11003,"Egmont","Egmont"," 65","Summerside",N,N,"",0,347,"Morrissey","","Bobby","Liberal","Libéral",Y,Y,43
11003,"Egmont","Egmont"," 66","Summerside",N,N,"",1,394,"Clark","","Alex","Green Party","Parti Vert",N,N,56
11003,"Egmont","Egmont"," 66","Summerside",N,N,"",1,394,"Dunn","","Sharon","NDP-New Democratic Party","NPD-Nouveau Parti démocratique",N,N,23
11003,"Egmont","Egmont"," 66","Summerside",N,N,"",1,394,"McLellan","","Logan","Conservative","Conservateur",N,N,39
11003,"Egmont","Egmont"," 66","Summerside",N,N,"",1,394,"Morrissey","","Bobby","Liberal","Libéral",Y,Y,44
11003,"Egmont","Egmont"," 67","Summerside",N,N,"",0,445,"Clark","","Alex","Green Party","Parti Vert",N,N,58
11003,"Egmont","Egmont"," 67","Summerside",N,N,"",0,445,"Dunn","","Sharon","NDP-New Democratic Party","NPD-Nouveau Parti démocratique",N,N,18
11003,"Egmont","Egmont"," 67","Summerside",N,N,"",0,445,"McLellan","","Logan","Conservative","Conservateur",N,N,30
11003,"Egmont","Egmont"," 67","Summerside",N,N,"",0,445,"Morrissey","","Bobby","Liberal","Libéral",Y,Y,42
11003,"Egmont","Egmont"," 68","Summerside",N,N,"",1,283,"Clark","","Alex","Green Party","Parti Vert",N,N,36
11003,"Egmont","Egmont"," 68","Summerside",N,N,"",1,283,"Dunn","","Sharon","NDP-New Democratic Party","NPD-Nouveau Parti démocratique",N,N,13
11003,"Egmont","Egmont"," 68","Summerside",N,N,"",1,283,"McLellan","","Logan","Conservative","Conservateur",N,N,24
11003,"Egmont","Egmont"," 68","Summerside",N,N,"",1,283,"Morrissey","","Bobby","Liberal","Libéral",Y,Y,27
11003,"Egmont","Egmont"," 69","Linkletter",N,N,"",3,419,"Clark","","Alex","Green Party","Parti Vert",N,N,36
11003,"Egmont","Egmont"," 69","Linkletter",N,N,"",3,419,"Dunn","","Sharon","NDP-New Democratic Party","NPD-Nouveau Parti démocratique",N,N,4
11003,"Egmont","Egmont"," 69","Linkletter",N,N,"",3,419,"McLellan","","Logan","Conservative","Conservateur",N,N,54
11003,"Egmont","Egmont"," 69","Linkletter",N,N,"",3,419,"Morrissey","","Bobby","Liberal","Libéral",Y,Y,65
11003,"Egmont","Egmont"," 70","Summerside",N,N,"",2,492,"Clark","","Alex","Green Party","Parti Vert",N,N,84
11003,"Egmont","Egmont"," 70","Summerside",N,N,"",2,492,"Dunn","","Sharon","NDP-New Democratic Party","NPD-Nouveau Parti démocratique",N,N,16
11003,"Egmont","Egmont"," 70","Summerside",N,N,"",2,492,"McLellan","","Logan","Conservative","Conservateur",N,N,61
11003,"Egmont","Egmont"," 70","Summerside",N,N,"",2,492,"Morrissey","","Bobby","Liberal","Libéral",Y,Y,80
11003,"Egmont","Egmont"," 71","Wellington",N,N,"",0,380,"Clark","","Alex","Green Party","Parti Vert",N,N,57
11003,"Egmont","Egmont"," 71","Wellington",N,N,"",0,380,"Dunn","","Sharon","NDP-New Democratic Party","NPD-Nouveau Parti démocratique",N,N,14
11003,"Egmont","Egmont"," 71","Wellington",N,N,"",0,380,"McLellan","","Logan","Conservative","Conservateur",N,N,63
11003,"Egmont","Egmont"," 71","Wellington",N,N,"",0,380,"Morrissey","","Bobby","Liberal","Libéral",Y,Y,88
11003,"Egmont","Egmont"," 72","St. Philip",N,N,"",0,356,"Clark","","Alex","Green Party","Parti Vert",N,N,30
11003,"Egmont","Egmont"," 72","St. Philip",N,N,"",0,356,"Dunn","","Sharon","NDP-New Democratic Party","NPD-Nouveau Parti démocratique",N,N,14
11003,"Egmont","Egmont"," 72","St. Philip",N,N,"",0,356,"McLellan","","Logan","Conservative","Conservateur",N,N,50
11003,"Egmont","Egmont"," 72","St. Philip",N,N,"",0,356,"Morrissey","","Bobby","Liberal","Libéral",Y,Y,81
11003,"Egmont","Egmont"," 73","Urbainville",N,N,"",3,375,"Clark","","Alex","Green Party","Parti Vert",N,N,38
11003,"Egmont","Egmont"," 73","Urbainville",N,N,"",3,375,"Dunn","","Sharon","NDP-New Democratic Party","NPD-Nouveau Parti démocratique",N,N,12
11003,"Egmont","Egmont"," 73","Urbainville",N,N,"",3,375,"McLellan","","Logan","Conservative","Conservateur",N,N,58
11003,"Egmont","Egmont"," 73","Urbainville",N,N,"",3,375,"Morrissey","","Bobby","Liberal","Libéral",Y,Y,70
11003,"Egmont","Egmont"," 74","Maximeville",N,N,"",2,421,"Clark","","Alex","Green Party","Parti Vert",N,N,65
11003,"Egmont","Egmont"," 74","Maximeville",N,N,"",2,421,"Dunn","","Sharon","NDP-New Democratic Party","NPD-Nouveau Parti démocratique",N,N,11
11003,"Egmont","Egmont"," 74","Maximeville",N,N,"",2,421,"McLellan","","Logan","Conservative","Conservateur",N,N,74
11003,"Egmont","Egmont"," 74","Maximeville",N,N,"",2,421,"Morrissey","","Bobby","Liberal","Libéral",Y,Y,76
11003,"Egmont","Egmont"," 75","St. Nicholas",N,N,"",1,243,"Clark","","Alex","Green Party","Parti Vert",N,N,24
11003,"Egmont","Egmont"," 75","St. Nicholas",N,N,"",1,243,"Dunn","","Sharon","NDP-New Democratic Party","NPD-Nouveau Parti démocratique",N,N,4
11003,"Egmont","Egmont"," 75","St. Nicholas",N,N,"",1,243,"McLellan","","Logan","Conservative","Conservateur",N,N,74
11003,"Egmont","Egmont"," 75","St. Nicholas",N,N,"",1,243,"Morrissey","","Bobby","Liberal","Libéral",Y,Y,44
11003,"Egmont","Egmont"," 76","Union Corner",N,N,"",3,386,"Clark","","Alex","Green Party","Parti Vert",N,N,64
11003,"Egmont","Egmont"," 76","Union Corner",N,N,"",3,386,"Dunn","","Sharon","NDP-New Democratic Party","NPD-Nouveau Parti démocratique",N,N,8
11003,"Egmont","Egmont"," 76","Union Corner",N,N,"",3,386,"McLellan","","Logan","Conservative","Conservateur",N,N,54
11003,"Egmont","Egmont"," 76","Union Corner",N,N,"",3,386,"Morrissey","","Bobby","Liberal","Libéral",Y,Y,92
11003,"Egmont","Egmont"," 500","Mobile poll/Bureau itinérant",N,N,"",0,125,"Clark","","Alex","Green Party","Parti Vert",N,N,5
11003,"Egmont","Egmont"," 500","Mobile poll/Bureau itinérant",N,N,"",0,125,"Dunn","","Sharon","NDP-New Democratic Party","NPD-Nouveau Parti démocratique",N,N,5
11003,"Egmont","Egmont"," 500","Mobile poll/Bureau itinérant",N,N,"",0,125,"McLellan","","Logan","Conservative","Conservateur",N,N,23
11003,"Egmont","Egmont"," 500","Mobile poll/Bureau itinérant",N,N,"",0,125,"Morrissey","","Bobby","Liberal","Libéral",Y,Y,53
11003,"Egmont","Egmont"," 501","Mobile poll/Bureau itinérant",N,N,"",0,100,"Clark","","Alex","Green Party","Parti Vert",N,N,6
11003,"Egmont","Egmont"," 501","Mobile poll/Bureau itinérant",N,N,"",0,100,"Dunn","","Sharon","NDP-New Democratic Party","NPD-Nouveau Parti démocratique",N,N,3
11003,"Egmont","Egmont"," 501","Mobile poll/Bureau itinérant",N,N,"",0,100,"McLellan","","Logan","Conservative","Conservateur",N,N,28
11003,"Egmont","Egmont"," 501","Mobile poll/Bureau itinérant",N,N,"",0,100,"Morrissey","","Bobby","Liberal","Libéral",Y,Y,53
11003,"Egmont","Egmont"," 502A","Mobile poll/Bureau itinérant",N,N,"",5,139,"Clark","","Alex","Green Party","Parti Vert",N,N,18
11003,"Egmont","Egmont"," 502A","Mobile poll/Bureau itinérant",N,N,"",5,139,"Dunn","","Sharon","NDP-New Democratic Party","NPD-Nouveau Parti démocratique",N,N,6
11003,"Egmont","Egmont"," 502A","Mobile poll/Bureau itinérant",N,N,"",5,139,"McLellan","","Logan","Conservative","Conservateur",N,N,41
11003,"Egmont","Egmont"," 502A","Mobile poll/Bureau itinérant",N,N,"",5,139,"Morrissey","","Bobby","Liberal","Libéral",Y,Y,30
11003,"Egmont","Egmont"," 502B","Mobile poll/Bureau itinérant",N,N,"",1,148,"Clark","","Alex","Green Party","Parti Vert",N,N,5
11003,"Egmont","Egmont"," 502B","Mobile poll/Bureau itinérant",N,N,"",1,148,"Dunn","","Sharon","NDP-New Democratic Party","NPD-Nouveau Parti démocratique",N,N,4
11003,"Egmont","Egmont"," 502B","Mobile poll/Bureau itinérant",N,N,"",1,148,"McLellan","","Logan","Conservative","Conservateur",N,N,21
11003,"Egmont","Egmont"," 502B","Mobile poll/Bureau itinérant",N,N,"",1,148,"Morrissey","","Bobby","Liberal","Libéral",Y,Y,29
11003,"Egmont","Egmont"," 600","Tignish",N,N,"",29,0,"Clark","","Alex","Green Party","Parti Vert",N,N,51
11003,"Egmont","Egmont"," 600","Tignish",N,N,"",29,0,"Dunn","","Sharon","NDP-New Democratic Party","NPD-Nouveau Parti démocratique",N,N,31
11003,"Egmont","Egmont"," 600","Tignish",N,N,"",29,0,"McLellan","","Logan","Conservative","Conservateur",N,N,337
11003,"Egmont","Egmont"," 600","Tignish",N,N,"",29,0,"Morrissey","","Bobby","Liberal","Libéral",Y,Y,571
11003,"Egmont","Egmont"," 601","Alberton",N,N,"",23,0,"Clark","","Alex","Green Party","Parti Vert",N,N,91
11003,"Egmont","Egmont"," 601","Alberton",N,N,"",23,0,"Dunn","","Sharon","NDP-New Democratic Party","NPD-Nouveau Parti démocratique",N,N,48
11003,"Egmont","Egmont"," 601","Alberton",N,N,"",23,0,"McLellan","","Logan","Conservative","Conservateur",N,N,395
11003,"Egmont","Egmont"," 601","Alberton",N,N,"",23,0,"Morrissey","","Bobby","Liberal","Libéral",Y,Y,389
11003,"Egmont","Egmont"," 602","O'Leary",N,N,"",18,0,"Clark","","Alex","Green Party","Parti Vert",N,N,67
11003,"Egmont","Egmont"," 602","O'Leary",N,N,"",18,0,"Dunn","","Sharon","NDP-New Democratic Party","NPD-Nouveau Parti démocratique",N,N,39
11003,"Egmont","Egmont"," 602","O'Leary",N,N,"",18,0,"McLellan","","Logan","Conservative","Conservateur",N,N,286
11003,"Egmont","Egmont"," 602","O'Leary",N,N,"",18,0,"Morrissey","","Bobby","Liberal","Libéral",Y,Y,260
11003,"Egmont","Egmont"," 603","Tyne Valley",N,N,"",9,0,"Clark","","Alex","Green Party","Parti Vert",N,N,51
11003,"Egmont","Egmont"," 603","Tyne Valley",N,N,"",9,0,"Dunn","","Sharon","NDP-New Democratic Party","NPD-Nouveau Parti démocratique",N,N,25
11003,"Egmont","Egmont"," 603","Tyne Valley",N,N,"",9,0,"McLellan","","Logan","Conservative","Conservateur",N,N,110
11003,"Egmont","Egmont"," 603","Tyne Valley",N,N,"",9,0,"Morrissey","","Bobby","Liberal","Libéral",Y,Y,149
11003,"Egmont","Egmont"," 604","Wellington",N,N,"",10,0,"Clark","","Alex","Green Party","Parti Vert",N,N,96
11003,"Egmont","Egmont"," 604","Wellington",N,N,"",10,0,"Dunn","","Sharon","NDP-New Democratic Party","NPD-Nouveau Parti démocratique",N,N,22
11003,"Egmont","Egmont"," 604","Wellington",N,N,"",10,0,"McLellan","","Logan","Conservative","Conservateur",N,N,153
11003,"Egmont","Egmont"," 604","Wellington",N,N,"",10,0,"Morrissey","","Bobby","Liberal","Libéral",Y,Y,207
11003,"Egmont","Egmont"," 605","Miscouche",N,N,"",2,0,"Clark","","Alex","Green Party","Parti Vert",N,N,132
11003,"Egmont","Egmont"," 605","Miscouche",N,N,"",2,0,"Dunn","","Sharon","NDP-New Democratic Party","NPD-Nouveau Parti démocratique",N,N,25
11003,"Egmont","Egmont"," 605","Miscouche",N,N,"",2,0,"McLellan","","Logan","Conservative","Conservateur",N,N,143
11003,"Egmont","Egmont"," 605","Miscouche",N,N,"",2,0,"Morrissey","","Bobby","Liberal","Libéral",Y,Y,165
11003,"Egmont","Egmont"," 606","Summerside",N,N,"",5,0,"Clark","","Alex","Green Party","Parti Vert",N,N,287
11003,"Egmont","Egmont"," 606","Summerside",N,N,"",5,0,"Dunn","","Sharon","NDP-New Democratic Party","NPD-Nouveau Parti démocratique",N,N,57
11003,"Egmont","Egmont"," 606","Summerside",N,N,"",5,0,"McLellan","","Logan","Conservative","Conservateur",N,N,266
11003,"Egmont","Egmont"," 606","Summerside",N,N,"",5,0,"Morrissey","","Bobby","Liberal","Libéral",Y,Y,422
11003,"Egmont","Egmont"," 607","Summerside",N,N,"",3,0,"Clark","","Alex","Green Party","Parti Vert",N,N,391
11003,"Egmont","Egmont"," 607","Summerside",N,N,"",3,0,"Dunn","","Sharon","NDP-New Democratic Party","NPD-Nouveau Parti démocratique",N,N,55
11003,"Egmont","Egmont"," 607","Summerside",N,N,"",3,0,"McLellan","","Logan","Conservative","Conservateur",N,N,376
11003,"Egmont","Egmont"," 607","Summerside",N,N,"",3,0,"Morrissey","","Bobby","Liberal","Libéral",Y,Y,500
11003,"Egmont","Egmont"," S/R 1","SVR Group 1/RÉS Groupe 1",N,N,"",2,34,"Clark","","Alex","Green Party","Parti Vert",N,N,5
11003,"Egmont","Egmont"," S/R 1","SVR Group 1/RÉS Groupe 1",N,N,"",2,34,"Dunn","","Sharon","NDP-New Democratic Party","NPD-Nouveau Parti démocratique",N,N,10
11003,"Egmont","Egmont"," S/R 1","SVR Group 1/RÉS Groupe 1",N,N,"",2,34,"McLellan","","Logan","Conservative","Conservateur",N,N,5
11003,"Egmont","Egmont"," S/R 1","SVR Group 1/RÉS Groupe 1",N,N,"",2,34,"Morrissey","","Bobby","Liberal","Libéral",Y,Y,12
11003,"Egmont","Egmont"," S/R 2","SVR Group 2/RÉS Groupe 2",N,N,"",14,0,"Clark","","Alex","Green Party","Parti Vert",N,N,303
11003,"Egmont","Egmont"," S/R 2","SVR Group 2/RÉS Groupe 2",N,N,"",14,0,"Dunn","","Sharon","NDP-New Democratic Party","NPD-Nouveau Parti démocratique",N,N,62
11003,"Egmont","Egmont"," S/R 2","SVR Group 2/RÉS Groupe 2",N,N,"",14,0,"McLellan","","Logan","Conservative","Conservateur",N,N,357
11003,"Egmont","Egmont"," S/R 2","SVR Group 2/RÉS Groupe 2",N,N,"",14,0,"Morrissey","","Bobby","Liberal","Libéral",Y,Y,550
